ride_date,num_rides,avg_duration_min,temp_f,max_temp_f,min_temp_f,wind_speed_knots,precip_in,month,days_since_start,day_of_week_Monday,day_of_week_Saturday,day_of_week_Sunday,day_of_week_Thursday,day_of_week_Tuesday,day_of_week_Wednesday
2013-07-01,16650,16.30998798798799,74.8,78.1,73.4,7.8,0.0,7,0,True,False,False,False,False,False
2013-07-02,22745,15.968826115629804,76.1,82.9,73.0,8.0,0.73,7,1,False,False,False,False,True,False
2013-07-03,21864,16.238808086351995,78.5,84.9,73.9,8.8,0.06,7,2,False,False,False,False,False,True
2013-07-04,22326,21.218473976529605,82.0,91.0,73.9,8.6,0.96,7,3,False,False,False,True,False,False
2013-07-05,21842,18.04044348808107,84.4,93.0,75.9,9.0,0.0,7,4,False,False,False,False,False,False
2013-07-06,20467,19.326261787267292,87.0,95.0,77.0,9.3,0.0,7,5,False,True,False,False,False,False
2013-07-07,20477,18.63832348488549,88.8,98.1,79.0,8.8,0.0,7,6,False,False,True,False,False,False
2013-07-08,21615,21.49216439201172,83.7,98.1,75.0,8.9,0.0,7,7,True,False,False,False,False,False
2013-07-09,26641,16.09885452247789,82.6,91.0,75.0,6.0,0.0,7,8,False,False,False,False,True,False
2013-07-10,25732,15.5319543758744,82.0,91.0,75.0,8.7,0.08,7,9,False,False,False,False,False,True
2013-07-11,24417,16.82863442137309,82.3,91.0,75.0,7.6,0.02,7,10,False,False,False,True,False,False
2013-07-12,19006,15.635127503595356,75.4,86.0,72.0,9.1,0.0,7,11,False,False,False,False,False,False
2013-07-13,26119,18.615661013055632,71.4,78.1,68.0,10.5,0.23,7,12,False,True,False,False,False,False
2013-07-14,29287,19.36267115102264,80.2,93.9,69.1,6.0,0.01,7,13,False,False,True,False,False,False
2013-07-15,28069,15.318282328072488,87.2,93.9,72.0,7.8,0.0,7,14,True,False,False,False,False,False
2013-07-16,29842,15.128550923753997,86.5,93.9,79.0,7.9,0.0,7,15,False,False,False,False,True,False
2013-07-17,30550,14.669449536279322,87.4,97.0,78.1,4.0,0.0,7,16,False,False,False,False,False,True
2013-07-18,28869,14.380492338956438,89.3,100.0,78.1,6.3,0.0,7,17,False,False,False,True,False,False
2013-07-19,26591,14.67105286249734,92.5,100.0,82.9,8.9,0.0,7,18,False,False,False,False,False,False
2013-07-20,25278,17.94782155761268,89.2,100.0,82.9,11.3,0.0,7,19,False,True,False,False,False,False
2013-07-21,30297,18.70789902190536,82.2,95.0,77.0,7.6,0.0,7,20,False,False,True,False,False,False
2013-07-22,25979,14.700189255424254,77.1,87.1,75.0,8.3,0.0,7,21,True,False,False,False,False,False
2013-07-23,32376,15.737208117123798,80.0,91.0,75.0,7.4,0.58,7,22,False,False,False,False,True,False
2013-07-24,35271,15.592202753914927,79.9,91.0,75.0,7.8,0.31,7,23,False,False,False,False,False,True
2013-07-25,31084,14.937073199502429,68.0,82.9,64.0,11.7,0.0,7,24,False,False,False,True,False,False
2013-07-26,34534,15.66792388177834,71.5,84.0,64.0,8.6,0.02,7,25,False,False,False,False,False,False
2013-07-27,32470,18.914398419053484,76.9,84.0,64.9,8.5,0.0,7,26,False,True,False,False,False,False
2013-07-28,23508,17.543573109863303,74.8,84.0,71.1,7.6,0.0,7,27,False,False,True,False,False,False
2013-07-29,34915,15.691451620602416,77.3,89.1,71.1,5.7,0.13,7,28,True,False,False,False,False,False
2013-07-30,37334,15.82817985393118,75.9,89.1,70.0,8.7,0.0,7,29,False,False,False,False,True,False
2013-07-31,37261,15.392547167279464,76.1,82.0,70.0,6.2,0.0,7,30,False,False,False,False,False,True
2013-08-01,20138,13.37714188764194,73.5,82.0,69.1,7.6,0.0,8,31,False,False,False,True,False,False
2013-08-02,35792,16.090496479660263,75.5,86.0,69.1,7.3,0.5,8,32,False,False,False,False,False,False
2013-08-03,29540,18.492146806589933,76.4,86.0,70.0,8.1,0.0,8,33,False,True,False,False,False,False
2013-08-04,35253,19.71996000340396,74.6,81.0,70.0,8.7,0.01,8,34,False,False,True,False,False,False
2013-08-05,36776,16.118436842868537,71.5,81.0,64.0,9.4,0.0,8,35,True,False,False,False,False,False
2013-08-06,37702,16.159205081958515,73.9,82.0,64.0,6.3,0.0,8,36,False,False,False,False,True,False
2013-08-07,34396,14.686894793968293,74.4,82.0,66.9,9.5,0.0,8,37,False,False,False,False,False,True
2013-08-08,28366,14.319887071376533,75.0,82.0,71.1,9.1,0.16,8,38,False,False,False,True,False,False
2013-08-09,29017,15.138192553790304,78.2,89.1,71.1,9.2,0.08,8,39,False,False,False,False,False,False
2013-08-10,37201,20.44323987706423,78.3,89.1,72.0,8.9,0.04,8,40,False,True,False,False,False,False
2013-08-11,33060,19.430590340794517,74.8,84.0,66.9,5.7,0.0,8,41,False,False,True,False,False,False
2013-08-12,31457,15.305080480232276,74.8,82.0,66.9,5.5,0.09,8,42,True,False,False,False,False,False
2013-08-13,22437,15.649830636894418,74.0,82.0,70.0,5.3,0.01,8,43,False,False,False,False,True,False
2013-08-14,38150,15.555132372214937,69.5,78.1,62.1,12.4,0.73,8,44,False,False,False,False,False,True
2013-08-15,37386,15.298375060182952,69.8,78.1,62.1,8.2,0.0,8,45,False,False,False,True,False,False
2013-08-16,35991,16.389049114130383,72.6,81.0,63.0,3.7,0.0,8,46,False,False,False,False,False,False
2013-08-17,37285,20.104246122211794,73.6,81.0,66.9,5.2,0.0,8,47,False,True,False,False,False,False
2013-08-18,27612,16.94367968033222,72.5,81.0,68.0,5.2,0.0,8,48,False,False,True,False,False,False
2013-08-19,33127,14.892281723870765,73.5,80.1,68.0,5.5,0.0,8,49,True,False,False,False,False,False
2013-08-20,35843,14.97470914822978,77.5,89.1,68.0,4.5,0.0,8,50,False,False,False,False,True,False
2013-08-21,36315,15.094893294781768,81.1,90.0,70.0,4.5,0.0,8,51,False,False,False,False,False,True
2013-08-22,26629,14.405246786085348,77.5,90.0,73.0,5.8,0.0,8,52,False,False,False,True,False,False
2013-08-23,33503,15.743948303137032,76.2,81.0,72.0,9.0,0.24,8,53,False,False,False,False,False,False
2013-08-24,32941,18.07967173633669,71.5,81.0,64.0,8.9,0.0,8,54,False,True,False,False,False,False
2013-08-25,31755,19.063203694956183,73.8,82.9,64.0,4.8,0.0,8,55,False,False,True,False,False,False
2013-08-26,29979,15.47495413456086,75.3,84.0,66.9,9.1,0.0,8,56,True,False,False,False,False,False
2013-08-27,34208,15.067807725288434,78.3,86.0,70.0,10.6,0.01,8,57,False,False,False,False,True,False
2013-08-28,28185,14.159055644255217,78.0,86.0,73.0,3.2,0.1,8,58,False,False,False,False,False,True
2013-08-29,34215,14.313135564323638,74.6,84.9,71.1,7.3,0.0,8,59,False,False,False,True,False,False
2013-08-30,32318,15.444152897250246,75.4,86.0,69.1,7.4,0.0,8,60,False,False,False,False,False,False
2013-08-31,25381,17.858579252196524,78.5,86.0,69.1,8.8,0.0,8,61,False,True,False,False,False,False
2013-09-01,25235,18.374891354600084,79.6,86.0,73.0,8.0,0.0,9,62,False,False,True,False,False,False
2013-09-02,21416,16.858852415639397,76.9,80.6,71.6,4.8,0.0,9,63,True,False,False,False,False,False
2013-09-03,32411,14.437786553947737,76.2,82.0,72.0,6.7,0.99,9,64,False,False,False,False,True,False
2013-09-04,36798,15.07160715256264,73.3,82.0,66.0,10.4,0.09,9,65,False,False,False,False,False,True
2013-09-05,35825,14.598231681786462,74.3,82.0,66.0,9.3,0.0,9,66,False,False,False,True,False,False
2013-09-06,35868,14.809940150923758,64.8,77.0,57.0,7.5,0.0,9,67,False,False,False,False,False,False
2013-09-07,34419,17.375818104341597,68.3,79.0,57.0,6.5,0.0,9,68,False,True,False,False,False,False
2013-09-08,33196,17.08196017592481,73.9,80.1,61.0,8.7,0.0,9,69,False,False,True,False,False,False
2013-09-09,35394,15.262479987191806,65.9,80.1,57.9,7.7,0.0,9,70,True,False,False,False,False,False
2013-09-10,36954,14.481477873392148,74.8,88.0,57.9,8.8,0.0,9,71,False,False,False,False,True,False
2013-09-11,35812,14.02912990059198,83.6,93.9,69.1,7.5,0.0,9,72,False,False,False,False,False,True
2013-09-12,31252,13.67864350014932,80.6,88.0,71.1,8.4,0.0,9,73,False,False,False,True,False,False
2013-09-13,36501,14.655901208186076,71.3,86.0,68.0,9.4,1.3,9,74,False,False,False,False,False,False
2013-09-14,31607,16.690705118064564,61.6,77.0,55.9,10.8,0.03,9,75,False,True,False,False,False,False
2013-09-15,31914,17.268670489440385,61.5,73.0,54.0,6.9,0.0,9,76,False,False,True,False,False,False
2013-09-16,31287,13.804180650110268,65.8,73.0,54.0,6.9,0.0,9,77,True,False,False,False,False,False
2013-09-17,38283,13.883002028750791,58.2,72.0,48.9,10.1,0.02,9,78,False,False,False,False,True,False
2013-09-18,37957,13.93272738449649,61.8,71.1,48.9,5.0,0.0,9,79,False,False,False,False,False,True
2013-09-19,39200,14.114456207482991,65.0,77.0,55.0,5.4,0.0,9,80,False,False,False,True,False,False
2013-09-20,39382,14.81144685389264,68.1,78.1,57.0,5.8,0.0,9,81,False,False,False,False,False,False
2013-09-21,31826,17.04590691049247,67.4,78.1,61.0,9.4,0.0,9,82,False,True,False,False,False,False
2013-09-22,29758,16.500938683155233,66.3,75.9,61.0,12.9,0.98,9,83,False,False,True,False,False,False
2013-09-23,35152,13.871636037778789,58.5,68.0,52.0,10.6,0.53,9,84,True,False,False,False,False,False
2013-09-24,38417,13.784679525557264,59.1,73.0,50.0,8.0,0.0,9,85,False,False,False,False,True,False
2013-09-25,38223,13.994420898411953,64.1,73.0,50.0,5.4,0.0,9,86,False,False,False,False,False,True
2013-09-26,38189,13.785808304311011,63.9,72.0,55.0,6.2,0.0,9,87,False,False,False,True,False,False
2013-09-27,37412,14.230190402366445,61.5,69.1,57.0,6.4,0.0,9,88,False,False,False,False,False,False
2013-09-28,34931,17.02487475308465,64.4,73.0,57.0,7.3,0.0,9,89,False,True,False,False,False,False
2013-09-29,32592,16.523521109474714,64.6,73.0,57.9,4.9,0.0,9,90,False,False,True,False,False,False
2013-09-30,37148,13.728397221923125,63.9,73.0,57.9,4.1,0.0,9,91,True,False,False,False,False,False
2013-10-01,40575,13.706243992606286,68.9,81.0,57.9,5.5,0.0,10,92,False,False,False,False,True,False
2013-10-02,41383,13.913752023777878,73.9,84.0,62.1,6.0,0.0,10,93,False,False,False,False,False,True
2013-10-03,40456,13.724642409860914,72.6,84.0,64.9,4.3,0.0,10,94,False,False,False,True,False,False
2013-10-04,40195,14.673060082099765,74.0,86.0,64.9,4.9,0.0,10,95,False,False,False,False,False,False
2013-10-05,34181,16.75914006806901,68.3,86.0,64.0,6.7,0.03,10,96,False,True,False,False,False,False
2013-10-06,26574,14.685509018840472,66.5,73.0,64.0,7.6,0.01,10,97,False,False,True,False,False,False
2013-10-07,25016,12.651673595565503,70.7,77.0,64.0,11.8,0.33,10,98,True,False,False,False,False,False
2013-10-08,38365,13.779678960858424,61.6,77.0,55.9,10.2,0.0,10,99,False,False,False,False,True,False
2013-10-09,36969,12.8412223755038,59.7,66.0,54.0,12.3,0.0,10,100,False,False,False,False,False,True
2013-10-10,31171,12.400746420283811,59.1,66.0,54.0,13.2,0.0,10,101,False,False,False,True,False,False
2013-10-11,33357,13.34256727723317,63.7,69.1,54.0,16.4,0.0,10,102,False,False,False,False,False,False
2013-10-12,32457,16.87697363691448,65.7,72.0,60.1,15.5,0.0,10,103,False,True,False,False,False,False
2013-10-13,28832,15.950881543655196,60.9,72.0,57.0,15.0,0.0,10,104,False,False,True,False,False,False
2013-10-14,33018,13.908640741413771,58.0,64.9,53.1,6.6,0.0,10,105,True,False,False,False,False,False
2013-10-15,37534,13.481594465462424,60.4,70.0,53.1,4.7,0.0,10,106,False,False,False,False,True,False
2013-10-16,36911,13.337352460422816,60.1,70.0,55.9,5.6,0.0,10,107,False,False,False,False,False,True
2013-10-17,36888,13.387314302754284,64.7,73.0,57.0,6.7,0.0,10,108,False,False,False,True,False,False
2013-10-18,38122,13.878873091653114,64.2,73.0,57.9,11.5,0.01,10,109,False,False,False,False,False,False
2013-10-19,29548,15.613899417896302,59.4,69.1,54.0,5.9,0.0,10,110,False,True,False,False,False,False
2013-10-20,29256,15.9085281651627,58.4,64.0,51.1,10.4,0.0,10,111,False,False,True,False,False,False
2013-10-21,35012,13.790265718420352,59.3,66.9,51.1,7.3,0.0,10,112,True,False,False,False,False,False
2013-10-22,36338,12.581991762525911,59.6,68.0,52.0,7.6,0.0,10,113,False,False,False,False,True,False
2013-10-23,32365,12.022630413512545,52.8,68.0,50.0,7.8,0.0,10,114,False,False,False,False,False,True
2013-10-24,32251,12.115275495333483,48.4,55.0,43.0,11.8,0.0,10,115,False,False,False,True,False,False
2013-10-25,30979,12.511262468123563,47.4,55.0,42.1,13.0,0.0,10,116,False,False,False,False,False,False
2013-10-26,24569,14.57445900660724,49.5,55.9,42.1,10.1,0.0,10,117,False,True,False,False,False,False
2013-10-27,23965,14.660169691911817,53.0,59.0,43.0,10.3,0.0,10,118,False,False,True,False,False,False
2013-10-28,31498,12.784571507185644,53.0,61.0,44.1,7.7,0.0,10,119,True,False,False,False,False,False
2013-10-29,33414,12.575373097105004,50.5,61.0,44.1,8.0,0.0,10,120,False,False,False,False,True,False
2013-10-30,35069,12.160374784947772,52.9,60.1,44.1,4.5,0.0,10,121,False,False,False,False,False,True
2013-10-31,31444,12.928038735529826,59.3,66.9,48.0,6.2,0.0,10,122,False,False,False,True,False,False
2013-11-01,30384,13.633155059680533,65.9,70.0,53.1,12.1,0.05,11,123,False,False,False,False,False,False
2013-11-02,31013,16.58799052010447,61.5,70.0,55.0,5.7,0.05,11,124,False,True,False,False,False,False
2013-11-03,20798,13.263860307080812,50.9,68.0,42.1,11.2,0.01,11,125,False,False,True,False,False,False
2013-11-04,27142,12.367596345147744,39.5,55.9,34.0,10.3,0.0,11,126,True,False,False,False,False,False
2013-11-05,31493,12.214110013865517,46.8,55.0,34.0,6.7,0.0,11,127,False,False,False,False,True,False
2013-11-06,34826,13.00569832883478,53.2,61.0,42.1,5.9,0.0,11,128,False,False,False,False,False,True
2013-11-07,25719,11.869835530152807,58.3,63.0,46.9,9.2,0.0,11,129,False,False,False,True,False,False
2013-11-08,28686,12.60913047014804,46.0,63.0,41.0,14.2,0.08,11,130,False,False,False,False,False,False
2013-11-09,21734,14.408419220269318,44.3,50.0,39.9,10.3,0.0,11,131,False,True,False,False,False,False
2013-11-10,19712,13.913954274891774,50.1,60.1,39.9,11.0,0.0,11,132,False,False,True,False,False,False
2013-11-11,27295,12.653236856567135,48.6,60.1,44.1,13.6,0.0,11,133,True,False,False,False,False,False
2013-11-12,19925,11.08181430363865,43.9,53.1,34.0,13.4,0.02,11,134,False,False,False,False,True,False
2013-11-13,23633,11.12514986106998,34.0,52.0,30.0,13.4,0.01,11,135,False,False,False,False,False,True
2013-11-14,27040,13.027827292899408,41.0,53.1,30.0,11.6,0.0,11,136,False,False,False,True,False,False
2013-11-15,29051,12.719770403772674,49.1,57.0,34.0,6.2,0.0,11,137,False,False,False,False,False,False
2013-11-16,25194,15.311708475562964,51.9,59.0,43.0,5.5,0.03,11,138,False,True,False,False,False,False
2013-11-17,17995,13.467926275817351,52.6,60.8,48.2,4.5,0.02,11,139,False,False,True,False,False,False
2013-11-18,30615,13.219170885731396,60.3,64.9,48.9,11.4,0.25,11,140,True,False,False,False,False,False
2013-11-19,27417,11.477858019963282,48.3,64.9,41.0,16.8,0.23,11,141,False,False,False,False,True,False
2013-11-20,26229,11.413486344631265,38.0,51.1,32.0,9.0,0.0,11,142,False,False,False,False,False,True
2013-11-21,28752,11.772228598590242,41.6,52.0,32.0,6.4,0.0,11,143,False,False,False,True,False,False
2013-11-22,25448,12.09438462747564,52.4,57.0,36.0,6.4,0.0,11,144,False,False,False,False,False,False
2013-11-23,18996,14.306489962799189,47.4,57.0,39.9,12.8,0.07,11,145,False,True,False,False,False,False
2013-11-24,9392,11.097677101078933,29.4,55.0,24.1,22.2,0.02,11,146,False,False,True,False,False,False
2013-11-25,19116,11.017526330473604,27.9,35.1,24.1,11.9,0.0,11,147,True,False,False,False,False,False
2013-11-26,14999,13.04099051047848,36.0,39.9,24.1,7.0,0.0,11,148,False,False,False,False,True,False
2013-11-27,7976,11.02557673019057,48.0,60.1,34.0,13.7,1.91,11,149,False,False,False,False,False,True
2013-11-28,5204,13.905294004611838,34.1,39.2,30.9,17.9,0.3,11,150,False,False,False,True,False,False
2013-11-29,10127,13.154390902208617,34.1,39.0,30.9,7.2,0.0,11,151,False,False,False,False,False,False
2013-11-30,9863,13.679970597181386,31.3,39.0,25.0,7.2,0.0,11,152,False,True,False,False,False,False
2013-12-01,13326,13.558320826454548,41.1,48.9,25.0,3.2,0.0,12,153,False,False,True,False,False,False
2013-12-02,24576,12.382666693793398,44.2,48.9,37.0,4.5,0.0,12,154,True,False,False,False,False,False
2013-12-03,27431,12.168702684310936,44.0,53.1,37.9,4.0,0.0,12,155,False,False,False,False,True,False
2013-12-04,28199,12.269936286156716,43.8,53.1,37.9,4.3,0.0,12,156,False,False,False,False,False,True
2013-12-05,26988,12.38379032656489,48.6,57.9,39.0,5.3,0.01,12,157,False,False,False,True,False,False
2013-12-06,10736,11.621933991554895,50.5,57.9,42.8,7.1,0.05,12,158,False,False,False,False,False,False
2013-12-07,15545,12.230484614559884,38.2,43.0,35.6,10.7,0.81,12,159,False,True,False,False,False,False
2013-12-08,10090,12.172482656095143,32.1,37.9,28.4,8.7,0.13,12,160,False,False,True,False,False,False
2013-12-09,14824,10.718746627091202,34.5,39.2,28.9,10.9,0.19,12,161,True,False,False,False,False,False
2013-12-10,12850,11.553900129701686,36.0,39.0,32.0,8.5,0.07,12,162,False,False,False,False,True,False
2013-12-11,18766,11.960985292550356,30.7,39.0,27.0,13.2,0.22,12,163,False,False,False,False,False,True
2013-12-12,17214,11.461365748809104,27.6,34.0,23.0,12.5,0.0,12,164,False,False,False,True,False,False
2013-12-13,17888,12.056676729278474,28.2,35.1,23.0,13.0,0.0,12,165,False,False,False,False,False,False
2013-12-14,3701,12.055358912005763,28.6,35.1,24.1,12.0,0.0,12,166,False,True,False,False,False,False
2013-12-15,7462,15.2261458054141,33.7,39.0,24.1,14.2,1.21,12,167,False,False,True,False,False,False
2013-12-16,15562,11.222348241442829,31.0,39.0,26.1,12.0,0.77,12,168,True,False,False,False,False,False
2013-12-17,7863,12.22394548306414,27.2,34.0,24.1,7.3,0.0,12,169,False,False,False,False,True,False
2013-12-18,14924,11.48589185205039,28.6,37.0,24.1,9.4,0.16,12,170,False,False,False,False,False,True
2013-12-19,18766,11.24266581406089,36.6,45.0,24.1,9.6,0.0,12,171,False,False,False,True,False,False
2013-12-20,22066,14.08452823348137,45.2,52.0,30.9,5.4,0.0,12,172,False,False,False,False,False,False
2013-12-21,17940,14.476455778520997,53.6,60.1,37.9,6.6,0.0,12,173,False,True,False,False,False,False
2013-12-22,15063,15.070312465423,58.4,69.1,50.0,9.0,0.01,12,174,False,False,True,False,False,False
2013-12-23,6956,11.88599051178838,58.5,69.1,50.0,6.2,0.09,12,175,True,False,False,False,False,False
2013-12-24,11025,12.736034769463345,39.2,62.1,34.0,10.7,0.44,12,176,False,False,False,False,True,False
2013-12-25,3260,13.754074642126792,25.6,42.1,19.0,10.3,0.0,12,177,False,False,False,False,False,True
2013-12-26,9763,11.9350711871351,31.7,36.0,19.0,6.2,0.0,12,178,False,False,False,True,False,False
2013-12-27,11720,12.436033845278724,35.6,39.9,30.0,10.3,0.0,12,179,False,False,False,False,False,False
2013-12-28,12022,16.256094382520935,42.4,55.0,32.0,9.3,0.0,12,180,False,True,False,False,False,False
2013-12-29,3775,12.156847682119206,45.2,55.0,36.0,7.1,0.0,12,181,False,False,True,False,False,False
2013-12-30,13241,12.34844296755028,40.5,48.0,28.9,11.3,1.2,12,182,True,False,False,False,False,False
2013-12-31,10424,13.23923317984139,26.0,44.1,21.0,9.9,0.0,12,183,False,False,False,False,True,False
2014-01-01,6059,15.377444022666005,28.9,33.1,21.0,9.4,0.0,1,184,False,False,False,False,False,True
2014-01-02,8600,12.98032751937985,28.9,33.1,25.0,14.2,0.01,1,185,False,False,False,True,False,False
2014-01-03,1144,13.388869463869463,16.6,32.0,10.9,16.7,0.3,1,186,False,False,False,False,False,False
2014-01-04,2292,20.398247527632343,15.8,27.0,9.0,6.8,0.25,1,187,False,True,False,False,False,False
2014-01-05,2678,13.737303958177744,29.1,35.6,26.1,4.8,0.0,1,188,False,False,True,False,False,False
2014-01-06,9510,12.80507360672976,44.7,53.1,25.0,11.2,0.17,1,189,True,False,False,False,False,False
2014-01-07,6267,12.101688739960638,14.0,36.0,3.9,19.6,0.24,1,190,False,False,False,False,True,False
2014-01-08,9246,10.233461316605377,12.9,21.9,3.9,11.4,0.0,1,191,False,False,False,False,False,True
2014-01-09,13354,10.864896909789822,25.7,33.1,9.0,7.0,0.0,1,192,False,False,False,True,False,False
2014-01-10,9847,11.19409634067906,30.2,34.0,23.0,4.8,0.0,1,193,False,False,False,False,False,False
2014-01-11,7695,12.369558154645876,43.7,55.0,27.0,9.2,0.22,1,194,False,True,False,False,False,False
2014-01-12,12515,12.069734984685049,47.6,55.9,34.0,13.6,0.45,1,195,False,False,True,False,False,False
2014-01-13,20633,11.779531171747523,41.8,54.0,35.1,8.9,0.02,1,196,True,False,False,False,False,False
2014-01-14,9999,11.116034936827011,45.8,50.0,35.1,6.6,0.02,1,197,False,False,False,False,True,False
2014-01-15,21630,11.704905994760368,42.4,50.0,36.0,5.5,0.36,1,198,False,False,False,False,False,True
2014-01-16,19953,11.388402746454169,39.1,41.0,37.0,5.9,0.0,1,199,False,False,False,True,False,False
2014-01-17,20301,12.211397632300544,38.3,46.0,33.1,5.5,0.0,1,200,False,False,False,False,False,False
2014-01-18,9438,14.084099738645191,37.5,46.0,32.0,7.7,0.0,1,201,False,True,False,False,False,False
2014-01-19,9028,13.605822625904592,29.8,39.0,25.0,12.1,0.15,1,202,False,False,True,False,False,False
2014-01-20,13407,13.103310459710109,39.6,46.0,25.0,11.1,0.0,1,203,True,False,False,False,False,False
2014-01-21,3804,14.296617595513492,25.7,46.0,14.0,12.5,0.0,1,204,False,False,False,False,True,False
2014-01-22,2451,16.576716986264113,12.6,32.0,7.0,16.6,0.25,1,205,False,False,False,False,False,True
2014-01-23,5071,15.40198843094722,13.5,21.0,7.0,11.9,0.0,1,206,False,False,False,True,False,False
2014-01-24,6176,13.034348013816922,15.7,21.0,8.1,12.8,0.0,1,207,False,False,False,False,False,False
2014-01-25,4338,11.466901029660368,22.0,27.0,10.9,12.6,0.0,1,208,False,True,False,False,False,False
2014-01-26,4980,11.96215194109772,21.9,27.0,18.0,12.7,0.02,1,209,False,False,True,False,False,False
2014-01-27,13119,10.535111924181214,33.7,44.1,18.0,9.4,0.0,1,210,True,False,False,False,False,False
2014-01-28,10033,14.218656766005518,18.5,28.0,12.9,11.8,0.0,1,211,False,False,False,False,True,False
2014-01-29,10021,11.17113062568606,18.2,23.0,12.9,8.1,0.05,1,212,False,False,False,False,False,True
2014-01-30,12158,11.191953172122613,21.6,28.9,14.0,7.5,0.0,1,213,False,False,False,True,False,False
2014-01-31,14653,11.705812234127253,30.5,39.0,18.0,7.3,0.0,1,214,False,False,False,False,False,False
2014-02-01,12771,13.671289118575942,38.2,44.1,26.1,3.2,0.0,2,215,False,True,False,False,False,False
2014-02-02,13816,13.738225004825324,40.3,55.0,30.0,3.3,0.0,2,216,False,False,True,False,False,False
2014-02-03,2600,13.292378205128204,35.6,55.0,30.0,8.2,0.27,2,217,True,False,False,False,False,False
2014-02-04,8709,12.54232977379722,29.6,42.1,25.0,6.2,0.81,2,218,False,False,False,False,True,False
2014-02-05,2746,15.422347657198346,31.5,36.0,25.0,9.0,0.74,2,219,False,False,False,False,False,True
2014-02-06,7196,17.34693348156383,28.4,34.0,21.9,8.6,0.44,2,220,False,False,False,True,False,False
2014-02-07,8495,17.48243868942515,28.5,33.1,21.9,8.9,0.0,2,221,False,False,False,False,False,False
2014-02-08,5986,17.377703530459957,26.8,33.1,21.9,8.0,0.0,2,222,False,True,False,False,False,False
2014-02-09,4996,17.12208433413398,26.1,28.9,21.0,6.5,0.0,2,223,False,False,True,False,False,False
2014-02-10,6846,14.40389765313078,25.9,28.9,21.0,12.4,0.1,2,224,True,False,False,False,False,False
2014-02-11,8343,16.451386391785526,22.6,28.9,18.0,11.3,0.0,2,225,False,False,False,False,True,False
2014-02-12,8580,14.081419968919963,19.0,26.1,14.0,9.2,0.0,2,226,False,False,False,False,False,True
2014-02-13,876,81.11008371385084,28.7,36.0,14.0,15.8,0.18,2,227,False,False,False,True,False,False
2014-02-14,3609,28.90618361503648,35.4,39.9,24.1,16.4,1.75,2,228,False,False,False,False,False,False
2014-02-15,2261,18.350471767654422,34.5,39.0,30.2,9.7,0.25,2,229,False,True,False,False,False,False
2014-02-16,3003,21.346797646797647,27.2,37.0,21.9,14.0,0.05,2,230,False,False,True,False,False,False
2014-02-17,4854,16.118342260678478,24.4,33.1,19.0,11.2,0.0,2,231,True,False,False,False,False,False
2014-02-18,5140,14.629364461738009,30.6,39.9,19.0,7.2,0.05,2,232,False,False,False,False,True,False
2014-02-19,8506,14.158004153930555,36.4,45.0,25.0,5.3,0.1,2,233,False,False,False,False,False,True
2014-02-20,11792,13.573103233830848,42.5,50.0,28.0,8.1,0.25,2,234,False,False,False,True,False,False
2014-02-21,8680,11.754621735791096,37.1,46.9,33.8,8.2,0.02,2,235,False,False,False,False,False,False
2014-02-22,13044,16.47136997853419,45.5,55.0,34.0,9.4,0.11,2,236,False,True,False,False,False,False
2014-02-23,13324,15.581533323326331,48.0,55.0,37.9,5.2,0.0,2,237,False,False,True,False,False,False
2014-02-24,12922,12.587243976680591,40.0,54.0,33.1,13.2,0.0,2,238,True,False,False,False,False,False
2014-02-25,12830,11.43458950376721,28.7,44.1,24.1,12.9,0.0,2,239,False,False,False,False,True,False
2014-02-26,11188,11.072612024788464,28.0,33.1,24.1,9.2,0.0,2,240,False,False,False,False,False,True
2014-02-27,12036,10.51263847346849,24.7,33.1,19.0,9.6,0.01,2,241,False,False,False,True,False,False
2014-02-28,9587,11.090424533222077,17.3,33.1,10.0,13.3,0.0,2,242,False,False,False,False,False,False
2014-03-01,9202,11.874632326305877,26.6,37.9,10.0,5.6,0.0,3,243,False,True,False,False,False,False
2014-03-02,8195,11.216150091519216,36.6,39.0,21.0,6.0,0.0,3,244,False,False,True,False,False,False
2014-03-03,7708,11.456964625497315,25.9,39.0,19.9,10.6,0.01,3,245,True,False,False,False,False,False
2014-03-04,10398,10.333017567480924,20.3,32.0,12.9,6.4,0.0,3,246,False,False,False,False,True,False
2014-03-05,13801,10.518999830930124,30.6,37.0,12.9,5.1,0.0,3,247,False,False,False,False,False,True
2014-03-06,12773,10.194545786685458,24.2,37.0,16.0,10.2,0.0,3,248,False,False,False,True,False,False
2014-03-07,13304,11.046503557827217,29.2,36.0,16.0,10.2,0.0,3,249,False,False,False,False,False,False
2014-03-08,16350,15.866276248725788,41.6,55.9,26.1,7.3,0.0,3,250,False,True,False,False,False,False
2014-03-09,12262,12.705340346871091,41.4,55.9,35.1,11.3,0.0,3,251,False,False,True,False,False,False
2014-03-10,17231,11.223293289226778,41.9,51.1,35.1,8.7,0.0,3,252,True,False,False,False,False,False
2014-03-11,24356,12.94828447473586,52.3,64.9,37.0,7.0,0.0,3,253,False,False,False,False,True,False
2014-03-12,15101,10.971585766946998,48.1,64.9,39.0,7.4,0.0,3,254,False,False,False,False,False,True
2014-03-13,10979,10.652381819837869,28.8,54.0,19.0,20.9,0.35,3,255,False,False,False,True,False,False
2014-03-14,16299,10.919300775098671,29.7,44.1,19.0,12.9,0.0,3,256,False,False,False,False,False,False
2014-03-15,18053,14.77811444081316,47.9,57.9,39.0,11.1,0.0,3,257,False,True,False,False,False,False
2014-03-16,9851,12.279863296450443,37.7,57.9,30.0,14.2,0.0,3,258,False,False,True,False,False,False
2014-03-17,12503,10.621213575408568,28.3,33.1,23.0,9.3,0.0,3,259,True,False,False,False,False,False
2014-03-18,16679,11.34588504506665,32.1,41.0,23.0,9.4,0.0,3,260,False,False,False,False,True,False
2014-03-19,13341,10.864158109087278,35.8,45.0,27.0,9.4,0.0,3,261,False,False,False,False,False,True
2014-03-20,19695,11.966702208682404,45.3,53.1,30.9,11.4,0.99,3,262,False,False,False,True,False,False
2014-03-21,20718,12.220391286160185,43.7,53.1,39.0,14.1,0.0,3,263,False,False,False,False,False,False
2014-03-22,19880,16.05780600268276,48.4,63.0,37.0,9.7,0.0,3,264,False,True,False,False,False,False
2014-03-23,11740,12.281138557637702,41.5,63.0,35.1,11.0,0.0,3,265,False,False,True,False,False,False
2014-03-24,13598,10.486559297935974,28.1,42.1,21.9,12.8,0.0,3,266,True,False,False,False,False,False
2014-03-25,16037,10.424924653405668,31.6,37.9,21.9,7.5,0.0,3,267,False,False,False,False,True,False
2014-03-26,14500,10.198148275862073,33.4,37.9,26.1,16.8,0.0,3,268,False,False,False,False,False,True
2014-03-27,16666,11.413531541261651,30.1,42.1,23.0,12.7,0.0,3,269,False,False,False,True,False,False
2014-03-28,18425,12.24441429217549,44.9,60.1,23.0,8.1,0.0,3,270,False,False,False,False,False,False
2014-03-29,4480,11.066566220238093,48.3,60.1,37.9,6.7,0.03,3,271,False,True,False,False,False,False
2014-03-30,7907,12.754502339699002,44.1,55.0,41.0,12.4,1.97,3,272,False,False,True,False,False,False
2014-03-31,17085,11.829745390693592,42.1,53.1,35.6,15.2,0.29,3,273,True,False,False,False,False,False
2014-04-01,23908,12.85338868440132,45.9,59.0,36.0,8.5,0.02,4,274,False,False,False,False,True,False
2014-04-02,22515,12.002125249833444,45.6,59.0,39.0,5.7,0.0,4,275,False,False,False,False,False,True
2014-04-03,26321,12.89166888289452,50.7,64.0,41.0,3.9,0.0,4,276,False,False,False,True,False,False
2014-04-04,12566,10.684554883548197,44.7,51.1,39.2,9.8,0.09,4,277,False,False,False,False,False,False
2014-04-05,18655,14.951773429822207,45.3,54.0,39.0,12.8,0.17,4,278,False,True,False,False,False,False
2014-04-06,20750,16.594725301204818,44.9,59.0,37.0,9.7,0.0,4,279,False,False,True,False,False,False
2014-04-07,14677,11.323832072857764,46.1,59.0,37.0,6.9,0.0,4,280,True,False,False,False,False,False
2014-04-08,21884,12.149883476512516,51.0,64.9,41.0,10.7,0.99,4,281,False,False,False,False,True,False
2014-04-09,26931,12.847673065735894,51.4,64.9,43.0,13.2,0.01,4,282,False,False,False,False,False,True
2014-04-10,27463,12.728735025306776,49.8,59.0,42.1,10.4,0.0,4,283,False,False,False,True,False,False
2014-04-11,26798,13.81016804736672,59.2,73.9,42.1,8.8,0.0,4,284,False,False,False,False,False,False
2014-04-12,27108,17.63665400127884,58.8,73.9,48.9,6.6,0.0,4,285,False,True,False,False,False,False
2014-04-13,26871,18.378644263332223,59.8,73.9,48.9,8.2,0.0,4,286,False,False,True,False,False,False
2014-04-14,28832,14.8384821263411,61.7,73.9,50.0,10.5,0.0,4,287,True,False,False,False,False,False
2014-04-15,10523,10.554770502708356,56.9,61.0,44.6,13.7,0.1,4,288,False,False,False,False,True,False
2014-04-16,20082,11.889953689871524,38.9,46.9,32.0,14.1,0.82,4,289,False,False,False,False,False,True
2014-04-17,22282,12.433921251832572,41.1,46.9,32.0,11.4,0.05,4,290,False,False,False,True,False,False
2014-04-18,20770,12.430917188252288,39.9,46.9,35.1,7.1,0.0,4,291,False,False,False,False,False,False
2014-04-19,24369,18.43703133762841,50.6,64.9,35.1,6.8,0.0,4,292,False,True,False,False,False,False
2014-04-20,18464,16.7138007293472,51.6,64.9,42.1,9.2,0.0,4,293,False,False,True,False,False,False
2014-04-21,27124,13.89518200363762,49.9,63.0,41.0,5.4,0.0,4,294,True,False,False,False,False,False
2014-04-22,27259,12.705970505154262,56.4,66.0,41.0,7.7,0.0,4,295,False,False,False,False,True,False
2014-04-23,26949,12.408973122070083,55.6,66.0,48.0,16.0,0.0,4,296,False,False,False,False,False,True
2014-04-24,28107,13.0153905907188,49.4,62.1,43.0,17.9,0.0,4,297,False,False,False,True,False,False
2014-04-25,27919,13.529182635481208,52.3,60.1,43.0,8.9,0.0,4,298,False,False,False,False,False,False
2014-04-26,19899,16.160248421193693,52.0,64.0,44.6,8.2,0.7,4,299,False,True,False,False,False,False
2014-04-27,21926,15.819971723068504,51.3,64.0,45.0,10.8,0.06,4,300,False,False,True,False,False,False
2014-04-28,28557,13.442739666865103,53.7,64.0,46.0,7.3,0.0,4,301,True,False,False,False,False,False
2014-04-29,18404,11.008666594218647,49.9,64.0,44.1,13.4,0.0,4,302,False,False,False,False,True,False
2014-04-30,2867,9.495395884199512,44.5,51.1,42.1,14.1,0.55,4,303,False,False,False,False,False,True
2014-05-01,26762,14.309317315596738,59.3,77.0,42.1,7.9,4.88,5,304,False,False,False,True,False,False
2014-05-02,32377,14.010143002748867,62.8,77.0,48.9,7.6,0.01,5,305,False,False,False,False,False,False
2014-05-03,25501,18.08919127354482,61.7,69.1,54.0,7.2,0.0,5,306,False,True,False,False,False,False
2014-05-04,21277,15.43626372765584,58.7,69.1,54.0,12.2,0.03,5,307,False,False,True,False,False,False
2014-05-05,30288,14.396794109878496,57.5,66.9,50.0,15.6,0.0,5,308,True,False,False,False,False,False
2014-05-06,32233,14.299347459642805,59.2,68.0,50.0,8.6,0.0,5,309,False,False,False,False,True,False
2014-05-07,32882,13.28873446465138,59.0,68.0,51.1,7.0,0.0,5,310,False,False,False,False,False,True
2014-05-08,17619,12.222241141192276,55.6,68.0,51.1,6.7,0.32,5,311,False,False,False,True,False,False
2014-05-09,22641,12.287202420387796,54.9,63.0,52.0,5.5,0.09,5,312,False,False,False,False,False,False
2014-05-10,21832,15.364831440087944,65.4,82.0,52.0,7.1,0.02,5,313,False,True,False,False,False,False
2014-05-11,28326,18.773016545458837,69.3,82.0,55.0,9.8,0.93,5,314,False,False,True,False,False,False
2014-05-12,31644,14.38998546327898,73.2,82.0,62.1,4.4,0.02,5,315,True,False,False,False,False,False
2014-05-13,32847,13.422771232278956,65.8,82.0,59.0,7.7,0.0,5,316,False,False,False,False,True,False
2014-05-14,30044,12.947753295167086,56.5,71.1,51.1,7.1,0.0,5,317,False,False,False,False,False,True
2014-05-15,26057,12.978048764887234,60.7,75.0,51.1,8.5,0.14,5,318,False,False,False,True,False,False
2014-05-16,17784,11.656169403208882,67.2,75.0,54.0,15.9,0.03,5,319,False,False,False,False,False,False
2014-05-17,29912,17.701291566372472,62.2,71.1,54.0,9.8,1.58,5,320,False,True,False,False,False,False
2014-05-18,27436,17.056795208242214,60.4,70.0,53.1,7.6,0.0,5,321,False,False,True,False,False,False
2014-05-19,31692,13.411918885943871,60.4,70.0,53.1,10.5,0.0,5,322,True,False,False,False,False,False
2014-05-20,35567,14.053607745007074,65.5,77.0,53.1,8.9,0.0,5,323,False,False,False,False,True,False
2014-05-21,34420,13.388106236684102,69.7,77.0,57.0,6.7,0.0,5,324,False,False,False,False,False,True
2014-05-22,24535,12.21232524964336,62.9,75.0,57.9,6.2,0.27,5,325,False,False,False,True,False,False
2014-05-23,24484,12.904456651963187,60.3,68.0,57.0,6.0,0.01,5,326,False,False,False,False,False,False
2014-05-24,16798,15.957243917926736,60.2,68.0,57.0,6.2,1.09,5,327,False,True,False,False,False,False
2014-05-25,25637,20.05299437011611,65.5,81.0,55.9,5.4,0.02,5,328,False,False,True,False,False,False
2014-05-26,26930,19.528184800099027,75.2,87.1,55.9,7.2,0.0,5,329,True,False,False,False,False,False
2014-05-27,32936,14.420076309610554,79.5,87.1,66.0,7.6,0.0,5,330,False,False,False,False,True,False
2014-05-28,29690,12.473383294038396,61.3,86.0,54.0,11.7,0.0,5,331,False,False,False,False,False,True
2014-05-29,33889,13.324726312372748,55.6,63.0,51.1,9.8,0.0,5,332,False,False,False,True,False,False
2014-05-30,34343,14.14182997020256,63.2,75.9,51.1,4.1,0.0,5,333,False,False,False,False,False,False
2014-05-31,27734,16.663981635056846,64.0,75.9,55.9,10.6,0.03,5,334,False,True,False,False,False,False
2014-06-01,31333,18.015508143703656,65.1,77.0,57.0,6.0,0.01,6,335,False,False,True,False,False,False
2014-06-02,34519,14.68510047606632,69.7,79.0,57.0,9.3,0.0,6,336,True,False,False,False,False,False
2014-06-03,29501,13.369560918838912,75.7,84.9,61.0,7.4,0.0,6,337,False,False,False,False,True,False
2014-06-04,36068,13.843021977006394,69.5,84.9,62.1,6.8,0.06,6,338,False,False,False,False,False,True
2014-06-05,24619,13.55049216729626,67.0,81.0,62.1,7.9,0.4,6,339,False,False,False,True,False,False
2014-06-06,37719,14.525447829122369,67.8,75.9,61.0,11.3,0.3,6,340,False,False,False,False,False,False
2014-06-07,31204,17.86846825193352,71.5,82.0,61.0,6.4,0.0,6,341,False,True,False,False,False,False
2014-06-08,30162,18.067772362575436,76.4,84.9,63.0,5.5,0.0,6,342,False,False,True,False,False,False
2014-06-09,18611,12.932912435298125,68.0,84.9,62.1,7.0,0.45,6,343,True,False,False,False,False,False
2014-06-10,33435,13.348906335676189,66.9,75.2,63.0,6.5,0.79,6,344,False,False,False,False,True,False
2014-06-11,30548,13.418144122910387,65.6,75.0,61.0,9.5,0.04,6,345,False,False,False,False,False,True
2014-06-12,29084,12.583449663044972,63.6,75.9,59.0,9.0,0.01,6,346,False,False,False,True,False,False
2014-06-13,18308,12.684859988347531,65.7,75.9,59.0,8.4,0.14,6,347,False,False,False,False,False,False
2014-06-14,28417,16.756327198507936,69.6,75.9,62.1,10.1,1.43,6,348,False,True,False,False,False,False
2014-06-15,28382,17.31756277452845,67.6,79.0,61.0,10.0,0.0,6,349,False,False,True,False,False,False
2014-06-16,34932,14.26837665559754,72.0,81.0,61.0,5.3,0.0,6,350,True,False,False,False,False,False
2014-06-17,35097,14.09637670836064,76.7,88.0,64.0,6.7,0.0,6,351,False,False,False,False,True,False
2014-06-18,35531,13.559252014672632,83.2,88.0,70.0,11.2,0.0,6,352,False,False,False,False,False,True
2014-06-19,31724,13.661286407766992,74.8,88.0,68.0,5.4,0.0,6,353,False,False,False,True,False,False
2014-06-20,34405,16.704327859322774,73.3,80.1,66.0,8.0,0.0,6,354,False,False,False,False,False,False
2014-06-21,30288,17.230165962317304,70.0,75.9,62.1,8.4,0.0,6,355,False,True,False,False,False,False
2014-06-22,29417,16.582756569330662,70.1,77.0,64.0,6.4,0.0,6,356,False,False,True,False,False,False
2014-06-23,32580,13.948640781665649,73.2,82.0,64.0,6.2,0.0,6,357,True,False,False,False,False,False
2014-06-24,35897,13.736748196228096,73.5,82.0,66.9,10.8,0.0,6,358,False,False,False,False,True,False
2014-06-25,34340,13.136113861386145,75.4,84.0,69.1,10.3,0.0,6,359,False,False,False,False,False,True
2014-06-26,34846,13.568823298704777,77.5,86.0,71.1,6.3,0.07,6,360,False,False,False,True,False,False
2014-06-27,35823,14.686583572937314,74.5,86.0,68.0,7.5,0.0,6,361,False,False,False,False,False,False
2014-06-28,28507,16.904747371990506,75.6,87.1,68.0,5.4,0.0,6,362,False,True,False,False,False,False
2014-06-29,27986,17.305518235308135,74.9,87.1,69.1,7.5,0.0,6,363,False,False,True,False,False,False
2014-06-30,33597,13.798781637249355,75.8,84.0,69.1,9.0,0.0,6,364,True,False,False,False,False,False
2014-07-01,34854,13.230134752586984,79.0,88.0,69.1,10.2,0.0,7,365,False,False,False,False,True,False
2014-07-02,26582,12.60920234243724,81.7,91.0,73.0,10.1,0.0,7,366,False,False,False,False,False,True
2014-07-03,27587,13.287443965152663,78.9,91.0,72.0,6.3,0.65,7,367,False,False,False,True,False,False
2014-07-04,13612,15.486074786952688,71.1,89.1,64.9,8.5,0.71,7,368,False,False,False,False,False,False
2014-07-05,22913,18.27483015464292,71.8,82.9,64.9,13.7,0.16,7,369,False,True,False,False,False,False
2014-07-06,23822,20.219724764223542,78.2,87.1,64.9,9.5,0.0,7,370,False,False,True,False,False,False
2014-07-07,31863,14.025829331826886,81.3,91.9,69.1,11.4,0.0,7,371,True,False,False,False,False,False
2014-07-08,32713,13.311302336481926,83.8,93.0,72.0,10.7,0.18,7,372,False,False,False,False,True,False
2014-07-09,34426,13.330690950638084,79.5,93.0,72.0,10.2,0.0,7,373,False,False,False,False,False,True
2014-07-10,36288,13.710673868312762,76.3,88.0,70.0,5.5,0.0,7,374,False,False,False,True,False,False
2014-07-11,35000,14.030660000000005,76.9,84.9,70.0,6.1,0.0,7,375,False,False,False,False,False,False
2014-07-12,28718,16.70461034891009,77.0,86.0,70.0,7.0,0.0,7,376,False,True,False,False,False,False
2014-07-13,24869,15.259172061602795,75.3,86.0,71.1,10.1,0.0,7,377,False,False,True,False,False,False
2014-07-14,25825,12.61809035172636,77.2,84.9,71.1,6.3,0.41,7,378,True,False,False,False,False,False
2014-07-15,22963,12.21871416336425,76.3,88.0,72.0,7.0,0.57,7,379,False,False,False,False,True,False
2014-07-16,35391,13.5540791915082,73.8,88.0,68.0,6.4,0.93,7,380,False,False,False,False,False,True
2014-07-17,38619,13.719102859559626,75.0,82.9,68.0,4.8,0.0,7,381,False,False,False,True,False,False
2014-07-18,36105,14.457257997507272,74.6,82.9,68.0,6.1,0.0,7,382,False,False,False,False,False,False
2014-07-19,29291,16.618232562903284,73.1,82.0,68.0,6.0,0.0,7,383,False,True,False,False,False,False
2014-07-20,30296,17.05675776780213,71.2,77.0,66.9,9.1,0.0,7,384,False,False,True,False,False,False
2014-07-21,35670,13.678115129427152,74.0,84.0,66.9,4.4,0.0,7,385,True,False,False,False,False,False
2014-07-22,36886,13.627777476549369,78.1,87.1,66.9,7.3,0.0,7,386,False,False,False,False,True,False
2014-07-23,34173,13.109473365912663,80.2,89.1,72.0,9.9,0.0,7,387,False,False,False,False,False,True
2014-07-24,36693,13.742467682300896,76.8,89.1,73.0,7.9,0.12,7,388,False,False,False,True,False,False
2014-07-25,36384,14.157776770008796,74.6,82.0,66.9,6.9,0.0,7,389,False,False,False,False,False,False
2014-07-26,27179,16.45138403424212,75.7,82.9,66.9,7.9,0.0,7,390,False,True,False,False,False,False
2014-07-27,27004,16.19756579272207,77.5,88.0,71.1,8.5,0.0,7,391,False,False,True,False,False,False
2014-07-28,33189,13.454911265780828,78.2,88.0,70.0,9.4,0.26,7,392,True,False,False,False,False,False
2014-07-29,37092,13.568479276753294,70.6,84.0,64.9,11.4,0.0,7,393,False,False,False,False,True,False
2014-07-30,37377,13.556849131819032,72.5,82.9,64.9,6.5,0.0,7,394,False,False,False,False,False,True
2014-07-31,35458,13.66346146614774,75.1,82.9,64.9,8.6,0.0,7,395,False,False,False,True,False,False
2014-08-01,32654,13.526990567771184,76.7,86.0,70.0,7.3,0.0,8,396,False,False,False,False,False,False
2014-08-02,26784,16.543361086220628,71.1,86.0,64.9,8.7,0.34,8,397,False,True,False,False,False,False
2014-08-03,25276,16.505556654533944,69.6,75.9,64.9,4.8,0.12,8,398,False,False,True,False,False,False
2014-08-04,33822,13.98557694202984,75.4,84.0,66.0,5.4,0.01,8,399,True,False,False,False,False,False
2014-08-05,34392,13.74754400248119,79.7,89.1,71.1,4.4,0.0,8,400,False,False,False,False,True,False
2014-08-06,36336,13.63740367679436,76.9,89.1,71.1,7.1,0.0,8,401,False,False,False,False,False,True
2014-08-07,36362,13.852484736813157,75.2,84.0,66.9,8.1,0.0,8,402,False,False,False,True,False,False
2014-08-08,34073,14.120054001702222,74.0,82.9,66.0,7.1,0.0,8,403,False,False,False,False,False,False
2014-08-09,31636,18.43770335482784,77.5,87.1,66.0,4.0,0.0,8,404,False,True,False,False,False,False
2014-08-10,26749,17.214753199496556,78.9,87.1,70.0,4.8,0.0,8,405,False,False,True,False,False,False
2014-08-11,33664,13.774130129119138,79.7,87.1,71.1,5.9,0.0,8,406,True,False,False,False,False,False
2014-08-12,26261,12.027818818780704,75.5,87.1,72.0,11.1,0.0,8,407,False,False,False,False,True,False
2014-08-13,27977,13.221852474056073,73.4,86.0,68.0,13.5,0.77,8,408,False,False,False,False,False,True
2014-08-14,35154,14.36468965124879,72.0,86.0,64.0,11.6,0.15,8,409,False,False,False,True,False,False
2014-08-15,32480,13.884582820197044,69.6,79.0,63.0,9.2,0.0,8,410,False,False,False,False,False,False
2014-08-16,32017,18.710583440047465,71.7,79.0,63.0,7.1,0.0,8,411,False,True,False,False,False,False
2014-08-17,27417,16.750628563786456,74.7,82.9,66.0,7.7,0.0,8,412,False,False,True,False,False,False
2014-08-18,34339,14.094628556451848,72.6,82.9,64.0,8.8,0.01,8,413,True,False,False,False,False,False
2014-08-19,35367,13.925657156859977,72.5,81.0,64.0,6.9,0.0,8,414,False,False,False,False,True,False
2014-08-20,35532,14.048568426582614,75.4,84.0,64.9,6.2,0.0,8,415,False,False,False,False,False,True
2014-08-21,33804,13.843160572713286,75.0,84.0,69.1,6.3,0.07,8,416,False,False,False,True,False,False
2014-08-22,30406,13.575098116599795,71.2,81.0,64.0,7.6,1.2,8,417,False,False,False,False,False,False
2014-08-23,26429,16.310513703381382,70.1,75.9,66.9,8.2,0.04,8,418,False,True,False,False,False,False
2014-08-24,27493,17.628368433176927,72.0,80.1,64.9,6.2,0.0,8,419,False,False,True,False,False,False
2014-08-25,32892,13.790671997243503,75.4,86.0,64.9,4.4,0.0,8,420,True,False,False,False,False,False
2014-08-26,34519,13.521703989107449,79.0,86.0,68.0,4.6,0.0,8,421,False,False,False,False,True,False
2014-08-27,33721,13.675883475183616,79.0,89.1,71.1,7.0,0.0,8,422,False,False,False,False,False,True
2014-08-28,33927,13.819915799608964,76.5,89.1,70.0,8.9,0.0,8,423,False,False,False,True,False,False
2014-08-29,31264,14.23113431849198,70.3,80.1,64.0,8.0,0.0,8,424,False,False,False,False,False,False
2014-08-30,22689,17.23349126595855,71.7,79.0,64.0,6.7,0.0,8,425,False,True,False,False,False,False
2014-08-31,18053,17.04667922228992,77.4,91.9,66.9,9.4,0.0,8,426,False,False,True,False,False,False
2014-09-01,23575,19.54563308589608,80.3,91.9,73.0,5.6,0.79,9,427,True,False,False,False,False,False
2014-09-02,30507,13.558917079140304,84.3,93.0,75.9,6.8,0.0,9,428,False,False,False,False,True,False
2014-09-03,35535,13.646317714928944,80.2,93.0,73.0,9.6,0.0,9,429,False,False,False,False,False,True
2014-09-04,36496,14.082504475376291,78.5,86.0,71.1,6.1,0.0,9,430,False,False,False,True,False,False
2014-09-05,34831,14.268615601045047,78.3,86.0,71.1,8.0,0.0,9,431,False,False,False,False,False,False
2014-09-06,25833,15.771490599878708,80.8,91.0,73.0,8.0,0.0,9,432,False,True,False,False,False,False
2014-09-07,29721,17.48803259199443,73.1,91.0,66.0,8.2,0.21,9,433,False,False,True,False,False,False
2014-09-08,34335,14.30321052376098,71.0,80.1,64.9,9.4,0.0,9,434,True,False,False,False,False,False
2014-09-09,34518,13.617086737354429,68.1,77.0,64.0,12.5,0.0,9,435,False,False,False,False,True,False
2014-09-10,37653,14.179311520109064,68.5,75.0,62.6,9.3,0.0,9,436,False,False,False,False,False,True
2014-09-11,37081,13.377529822101168,73.8,84.0,63.0,9.1,0.0,9,437,False,False,False,True,False,False
2014-09-12,37204,15.752581263663409,70.6,84.0,63.0,9.6,0.0,9,438,False,False,False,False,False,False
2014-09-13,17293,15.207226430733057,65.1,71.1,60.8,10.5,0.0,9,439,False,True,False,False,False,False
2014-09-14,28688,17.44488694459938,62.1,71.1,55.0,7.4,0.19,9,440,False,False,True,False,False,False
2014-09-15,35045,14.662093974413851,63.6,73.0,55.0,6.5,0.0,9,441,True,False,False,False,False,False
2014-09-16,25633,13.024798762012512,63.9,73.0,55.0,5.6,0.01,9,442,False,False,False,False,True,False
2014-09-17,37453,13.742398027750337,65.9,73.0,57.9,4.3,0.41,9,443,False,False,False,False,False,True
2014-09-18,37381,15.109120052076369,67.6,75.0,59.0,4.6,0.0,9,444,False,False,False,True,False,False
2014-09-19,34713,13.759263580406955,62.1,75.0,55.0,10.3,0.0,9,445,False,False,False,False,False,False
2014-09-20,30011,16.831377939200067,65.0,73.9,55.0,9.1,0.0,9,446,False,True,False,False,False,False
2014-09-21,26080,16.307601610429447,70.4,77.0,57.9,3.5,0.21,9,447,False,False,True,False,False,False
2014-09-22,33239,13.489832726616322,68.8,77.0,61.0,11.1,0.0,9,448,True,False,False,False,False,False
2014-09-23,36347,14.318372447061195,60.9,73.0,54.0,7.0,0.0,9,449,False,False,False,False,True,False
2014-09-24,35481,14.156379940437605,65.0,73.0,54.0,8.1,0.0,9,450,False,False,False,False,False,True
2014-09-25,16650,12.309901901901902,62.6,70.0,57.9,13.0,0.02,9,451,False,False,False,True,False,False
2014-09-26,35116,14.915348179367433,66.4,77.0,57.9,7.0,0.15,9,452,False,False,False,False,False,False
2014-09-27,30193,18.08473211229976,72.6,82.9,60.1,3.6,0.0,9,453,False,True,False,False,False,False
2014-09-28,29021,18.29608789037824,73.4,84.0,64.9,3.2,0.0,9,454,False,False,True,False,False,False
2014-09-29,33161,15.074445382628188,72.7,84.0,64.9,4.1,0.0,9,455,True,False,False,False,False,False
2014-09-30,35093,15.192419665840296,69.0,73.9,64.4,6.2,0.0,9,456,False,False,False,False,True,False
2014-10-01,27942,12.342573306611314,63.3,66.2,60.8,8.4,0.04,10,457,False,False,False,False,False,True
2014-10-02,34492,14.133840697359776,63.3,68.0,60.1,9.1,0.0,10,458,False,False,False,True,False,False
2014-10-03,34944,15.281557158119655,62.4,69.1,57.0,6.8,0.0,10,459,False,False,False,False,False,False
2014-10-04,13354,14.132470920073883,65.0,71.1,57.0,10.0,0.07,10,460,False,True,False,False,False,False
2014-10-05,23456,15.738347686448389,54.2,71.1,46.9,12.2,0.98,10,461,False,False,True,False,False,False
2014-10-06,31742,13.726223405372483,59.2,71.1,46.9,8.5,0.0,10,462,True,False,False,False,False,False
2014-10-07,32892,13.510334833191456,67.1,72.0,51.1,11.4,0.0,10,463,False,False,False,False,True,False
2014-10-08,33607,16.68394828458357,67.6,73.0,64.0,13.5,0.06,10,464,False,False,False,False,False,True
2014-10-09,32203,13.678046558809225,64.2,73.0,57.9,12.6,0.03,10,465,False,False,False,True,False,False
2014-10-10,30887,14.820139540907178,60.3,69.1,54.0,6.5,0.0,10,466,False,False,False,False,False,False
2014-10-11,12965,14.29692119809744,56.2,62.1,51.8,6.2,0.13,10,467,False,True,False,False,False,False
2014-10-12,23394,17.592083440198333,55.1,62.1,48.9,5.3,0.2,10,468,False,False,True,False,False,False
2014-10-13,22752,13.443484821847166,58.8,66.0,48.9,4.4,0.0,10,469,True,False,False,False,False,False
2014-10-14,32614,18.747257312810454,67.6,75.9,53.1,8.5,0.03,10,470,False,False,False,False,True,False
2014-10-15,28743,13.511033990884735,71.9,78.1,64.0,12.9,0.0,10,471,False,False,False,False,False,True
2014-10-16,26754,13.5933978719693,69.8,78.1,64.9,11.0,0.72,10,472,False,False,False,True,False,False
2014-10-17,34132,15.25180475799836,65.8,72.0,61.0,8.7,0.08,10,473,False,False,False,False,False,False
2014-10-18,24978,17.851717511410047,64.1,72.0,60.1,8.9,0.0,10,474,False,True,False,False,False,False
2014-10-19,18840,14.547722929936302,54.5,70.0,48.0,14.8,0.0,10,475,False,False,True,False,False,False
2014-10-20,27914,17.183799646533387,49.8,61.0,44.1,8.4,0.0,10,476,True,False,False,False,False,False
2014-10-21,31330,13.243528034897333,60.0,68.0,44.1,5.6,0.0,10,477,False,False,False,False,True,False
2014-10-22,9169,11.83802123095939,57.0,68.0,52.0,11.5,0.35,10,478,False,False,False,False,False,True
2014-10-23,13371,12.233315882631564,52.2,59.0,51.1,15.6,1.0,10,479,False,False,False,True,False,False
2014-10-24,29837,13.53877959133514,54.7,62.1,51.1,11.2,0.23,10,480,False,False,False,False,False,False
2014-10-25,24952,16.5570815966656,58.7,68.0,51.1,8.3,0.0,10,481,False,True,False,False,False,False
2014-10-26,20768,15.548127728556755,59.6,68.0,52.0,13.3,0.0,10,482,False,False,True,False,False,False
2014-10-27,28806,14.050002892915826,57.0,64.0,51.1,11.0,0.0,10,483,True,False,False,False,False,False
2014-10-28,32956,12.994410729457458,60.4,72.0,51.1,6.1,0.0,10,484,False,False,False,False,True,False
2014-10-29,29999,12.749371645721526,64.2,72.0,53.1,7.1,0.0,10,485,False,False,False,False,False,True
2014-10-30,31133,13.208668722363194,54.0,72.0,50.0,8.4,0.0,10,486,False,False,False,True,False,False
2014-10-31,27785,18.07044448443405,49.9,57.9,45.0,9.3,0.0,10,487,False,False,False,False,False,False
2014-11-01,6002,11.19208319449072,48.1,55.0,45.0,15.1,0.05,11,488,False,True,False,False,False,False
2014-11-02,14100,16.124030732860522,44.6,48.0,42.1,19.4,0.17,11,489,False,False,True,False,False,False
2014-11-03,26757,13.746447035666678,48.1,62.1,41.0,13.6,0.0,11,490,True,False,False,False,False,False
2014-11-04,31174,13.30695290947585,60.2,69.1,41.0,8.5,0.0,11,491,False,False,False,False,True,False
2014-11-05,30539,14.527718109084562,61.4,69.1,55.0,9.0,0.0,11,492,False,False,False,False,False,True
2014-11-06,12283,12.06516459062661,52.7,64.0,48.0,5.3,0.13,11,493,False,False,False,True,False,False
2014-11-07,25355,12.322618812857424,49.6,59.0,45.0,12.9,0.21,11,494,False,False,False,False,False,False
2014-11-08,17443,14.520727512469186,42.4,52.0,37.9,11.0,0.0,11,495,False,True,False,False,False,False
2014-11-09,18207,15.170109481701177,49.9,57.0,37.9,6.2,0.0,11,496,False,False,True,False,False,False
2014-11-10,27655,12.945201591032363,51.8,61.0,42.1,3.4,0.0,11,497,True,False,False,False,False,False
2014-11-11,29358,12.8230874037741,54.9,64.0,42.1,5.0,0.0,11,498,False,False,False,False,True,False
2014-11-12,27807,12.878346579398473,58.7,66.0,46.9,5.6,0.0,11,499,False,False,False,False,False,True
2014-11-13,20652,14.003687294208794,45.7,66.0,39.9,5.3,0.0,11,500,False,False,False,True,False,False
2014-11-14,21082,12.606940359864655,39.3,48.0,36.0,12.4,0.2,11,501,False,False,False,False,False,False
2014-11-15,14057,12.98855137416708,37.8,43.0,34.0,9.7,0.03,11,502,False,True,False,False,False,False
2014-11-16,13272,13.0463821076954,39.4,44.1,34.0,5.4,0.0,11,503,False,False,True,False,False,False
2014-11-17,8116,12.37136520453425,43.6,53.1,35.1,5.8,0.51,11,504,True,False,False,False,False,False
2014-11-18,16691,11.099698440277198,37.1,53.1,28.0,16.2,1.0,11,505,False,False,False,False,True,False
2014-11-19,16694,13.00633461123757,26.7,46.0,21.9,12.9,0.0,11,506,False,False,False,False,False,True
2014-11-20,20611,12.01312325133828,38.1,46.0,21.9,11.2,0.0,11,507,False,False,False,True,False,False
2014-11-21,17806,10.8112331049459,33.1,46.0,28.0,15.8,0.0,11,508,False,False,False,False,False,False
2014-11-22,12682,13.606544709036427,34.3,43.0,28.0,8.8,0.0,11,509,False,True,False,False,False,False
2014-11-23,15669,14.317903716467764,46.9,55.0,28.9,7.9,0.0,11,510,False,False,True,False,False,False
2014-11-24,23031,12.727714095494472,57.5,64.0,44.1,10.6,0.61,11,511,True,False,False,False,False,False
2014-11-25,25580,14.144878160020848,60.1,66.9,48.9,9.7,0.0,11,512,False,False,False,False,True,False
2014-11-26,3675,12.755083900226758,44.0,53.1,33.8,9.8,0.0,11,513,False,False,False,False,False,True
2014-11-27,3945,11.85624419095902,36.5,51.1,34.0,11.3,1.07,11,514,False,False,False,True,False,False
2014-11-28,8378,11.867243574440998,34.4,37.9,30.9,13.1,0.01,11,515,False,False,False,False,False,False
2014-11-29,8183,11.973750458267135,31.4,37.0,28.9,5.9,0.0,11,516,False,True,False,False,False,False
2014-11-30,12384,14.75855135658915,46.5,53.1,28.9,7.7,0.0,11,517,False,False,True,False,False,False
2014-12-01,18519,12.88552477635582,55.4,64.0,44.1,7.6,0.0,12,518,True,False,False,False,False,False
2014-12-02,15367,11.433989501312334,39.7,46.0,35.1,12.3,0.05,12,519,False,False,False,False,True,False
2014-12-03,13472,14.234154790182108,43.5,46.9,35.1,8.3,0.12,12,520,False,False,False,False,False,True
2014-12-04,21335,11.880248418092332,42.0,46.9,37.9,11.3,0.09,12,521,False,False,False,True,False,False
2014-12-05,15818,12.185782020482996,38.4,46.0,34.0,9.3,0.0,12,522,False,False,False,False,False,False
2014-12-06,4047,13.022934684128158,44.9,48.9,34.0,4.1,0.7,12,523,False,True,False,False,False,False
2014-12-07,10510,11.942905169679667,39.4,48.9,34.0,15.3,1.14,12,524,False,False,True,False,False,False
2014-12-08,15557,11.212750958839536,29.8,34.0,24.8,13.7,0.03,12,525,True,False,False,False,False,False
2014-12-09,6713,11.39864690401708,38.7,45.0,25.0,18.1,0.45,12,526,False,False,False,False,True,False
2014-12-10,10399,11.292754110972208,38.6,45.0,32.0,14.8,2.26,12,527,False,False,False,False,False,True
2014-12-11,18141,11.962103338661963,34.2,37.0,30.2,14.9,0.02,12,528,False,False,False,True,False,False
2014-12-12,17892,11.387605261196816,34.5,37.9,30.9,12.7,0.03,12,529,False,False,False,False,False,False
2014-12-13,12549,16.93230801923128,37.2,44.1,32.0,13.7,0.0,12,530,False,True,False,False,False,False
2014-12-14,11941,13.483606900594593,40.4,45.0,35.1,11.3,0.0,12,531,False,False,True,False,False,False
2014-12-15,19382,11.993359818388196,41.6,48.9,37.0,5.9,0.0,12,532,True,False,False,False,False,False
2014-12-16,16816,11.87185517760863,41.5,48.9,36.0,5.6,0.0,12,533,False,False,False,False,True,False
2014-12-17,20346,11.689852223205218,46.5,53.1,36.0,8.6,0.19,12,534,False,False,False,False,False,True
2014-12-18,19051,11.244470106556088,41.0,53.1,37.9,15.4,0.03,12,535,False,False,False,True,False,False
2014-12-19,17200,11.366994186046515,36.8,43.0,33.1,13.5,0.0,12,536,False,False,False,False,False,False
2014-12-20,9582,11.221432547136994,31.9,37.9,30.0,7.8,0.0,12,537,False,True,False,False,False,False
2014-12-21,8747,12.430042681300254,33.1,36.0,30.0,5.7,0.0,12,538,False,False,True,False,False,False
2014-12-22,13560,12.202332841691248,37.9,43.0,32.0,7.1,0.0,12,539,True,False,False,False,False,False
2014-12-23,9422,11.695476898040043,44.1,46.4,42.8,9.9,0.17,12,540,False,False,False,False,True,False
2014-12-24,4285,11.677639050952935,44.5,54.0,42.8,7.8,0.08,12,541,False,False,False,False,False,True
2014-12-25,4890,18.956530334014992,52.6,63.0,43.0,12.0,0.71,12,542,False,False,False,True,False,False
2014-12-26,9895,14.202627589691764,45.3,63.0,39.9,9.4,0.07,12,543,False,False,False,False,False,False
2014-12-27,10247,16.139143163852836,47.4,55.0,39.9,4.6,0.0,12,544,False,True,False,False,False,False
2014-12-28,7902,13.04457521302624,48.1,55.0,42.1,6.8,0.0,12,545,False,False,True,False,False,False
2014-12-29,13549,13.280457352326124,41.3,52.0,37.9,10.0,0.1,12,546,True,False,False,False,False,False
2014-12-30,12196,11.50089646878758,32.6,44.1,28.9,8.0,0.0,12,547,False,False,False,False,True,False
2014-12-31,9739,12.678344799260705,29.4,35.1,27.0,7.8,0.0,12,548,False,False,False,False,False,True
2015-01-01,5317,13.363444298163126,31.2,39.0,27.0,11.5,0.0,1,549,False,False,False,True,False,False
2015-01-02,11304,12.187349610757254,38.6,42.1,27.0,12.6,0.0,1,550,False,False,False,False,False,False
2015-01-03,4478,10.921404644930767,35.2,42.1,30.9,8.1,0.0,1,551,False,True,False,False,False,False
2015-01-04,7849,11.325903512124684,45.1,57.0,30.9,8.4,0.85,1,552,False,False,True,False,False,False
2015-01-05,14506,10.630196700216004,42.5,57.0,28.9,18.2,0.13,1,553,True,False,False,False,False,False
2015-01-06,8739,10.582040279208147,21.2,28.9,17.6,8.7,0.0,1,554,False,False,False,False,True,False
2015-01-07,9646,9.820182804616765,21.7,25.0,15.1,14.8,0.05,1,555,False,False,False,False,False,True
2015-01-08,8779,9.931015301666855,13.2,25.0,8.1,14.6,0.0,1,556,False,False,False,True,False,False
2015-01-09,7930,10.61096469104666,24.0,33.1,8.1,13.3,0.0,1,557,False,False,False,False,False,False
2015-01-10,6109,9.933761663119984,21.7,33.1,17.1,13.3,0.06,1,558,False,True,False,False,False,False
2015-01-11,7467,10.38454086871122,24.8,37.0,17.1,8.5,0.0,1,559,False,False,True,False,False,False
2015-01-12,8645,10.394794679005203,36.0,37.9,19.0,5.6,0.0,1,560,True,False,False,False,False,False
2015-01-13,12797,10.308126904743302,30.2,39.0,19.0,12.1,0.39,1,561,False,False,False,False,True,False
2015-01-14,13086,10.383807122115234,22.0,36.0,17.1,9.1,0.0,1,562,False,False,False,False,False,True
2015-01-15,14075,10.556677323860272,29.5,34.0,17.1,7.6,0.0,1,563,False,False,False,True,False,False
2015-01-16,13843,10.422846685448723,34.0,42.1,25.0,13.0,0.0,1,564,False,False,False,False,False,False
2015-01-17,7491,10.954093801450632,22.3,42.1,17.1,11.8,0.0,1,565,False,True,False,False,False,False
2015-01-18,1795,12.05790157845868,32.7,41.0,17.1,4.6,0.0,1,566,False,False,True,False,False,False
2015-01-19,10710,11.528778400248989,39.4,43.0,28.9,12.3,1.98,1,567,True,False,False,False,False,False
2015-01-20,16129,10.797786595573193,37.2,42.1,34.0,9.6,0.0,1,568,False,False,False,False,True,False
2015-01-21,15234,10.447485886832084,30.5,39.9,25.0,7.0,0.0,1,569,False,False,False,False,False,True
2015-01-22,15864,10.675724911749876,34.0,39.0,25.0,5.3,0.0,1,570,False,False,False,True,False,False
2015-01-23,15737,10.659342102476122,32.4,39.0,28.0,9.9,0.0,1,571,False,False,False,False,False,False
2015-01-24,4814,10.50505816368924,35.1,39.9,28.0,8.3,0.66,1,572,False,True,False,False,False,False
2015-01-25,9379,12.02117496534812,37.6,42.1,32.0,12.8,0.07,1,573,False,False,True,False,False,False
2015-01-26,4141,11.085237060291387,26.6,35.1,21.2,14.7,0.0,1,574,True,False,False,False,False,False
2015-01-27,1214,15.93785008237232,24.4,30.0,19.9,14.9,0.45,1,575,False,False,False,False,True,False
2015-01-28,5401,14.17428562611862,23.5,34.0,17.1,11.7,0.01,1,576,False,False,False,False,False,True
2015-01-29,8870,12.531798196166852,26.3,34.0,17.1,6.1,0.0,1,577,False,False,False,True,False,False
2015-01-30,9015,10.857901645405803,33.9,37.0,21.0,10.8,0.07,1,578,False,False,False,False,False,False
2015-01-31,5188,10.446366615265994,20.4,37.0,12.9,21.5,0.01,1,579,False,True,False,False,False,False
2015-02-01,6441,10.635820007245258,27.5,36.0,12.9,8.8,0.0,2,580,False,False,True,False,False,False
2015-02-02,1459,15.347703906785473,29.6,36.0,19.9,11.2,0.84,2,581,True,False,False,False,False,False
2015-02-03,4754,12.787074042911232,19.3,33.1,14.0,13.4,0.26,2,582,False,False,False,False,True,False
2015-02-04,8973,11.625942642743048,30.0,39.9,14.0,5.6,0.0,2,583,False,False,False,False,False,True
2015-02-05,9208,10.38994533738778,33.2,41.0,21.0,12.1,0.0,2,584,False,False,False,True,False,False
2015-02-06,8575,10.61861613216715,18.1,39.9,12.0,13.3,0.0,2,585,False,False,False,False,False,False
2015-02-07,6790,11.441013745704463,29.0,36.0,12.0,7.1,0.0,2,586,False,True,False,False,False,False
2015-02-08,6662,11.11562843990794,33.0,36.0,26.1,8.9,0.01,2,587,False,False,True,False,False,False
2015-02-09,5160,10.565529715762278,28.9,35.6,25.9,15.3,0.03,2,588,True,False,False,False,False,False
2015-02-10,10328,10.637577459333848,29.9,39.0,26.1,11.0,0.04,2,589,False,False,False,False,True,False
2015-02-11,11439,10.817006148556109,28.4,39.0,21.9,9.3,0.0,2,590,False,False,False,False,False,True
2015-02-12,11269,10.797302333836193,32.3,39.9,21.9,6.9,0.0,2,591,False,False,False,True,False,False
2015-02-13,7642,10.384181715083312,17.6,39.9,9.0,18.2,0.0,2,592,False,False,False,False,False,False
2015-02-14,4614,10.43077951163127,22.9,32.0,9.0,7.1,0.0,2,593,False,True,False,False,False,False
2015-02-15,2581,9.497643032416374,20.5,32.0,10.9,19.7,0.01,2,594,False,False,True,False,False,False
2015-02-16,3998,9.930177588794391,10.2,26.1,3.9,15.4,0.0,2,595,True,False,False,False,False,False
2015-02-17,4784,10.820833333333336,19.4,28.0,3.9,6.6,0.11,2,596,False,False,False,False,True,False
2015-02-18,9170,10.799540167211925,24.2,30.9,14.0,5.0,0.02,2,597,False,False,False,False,False,True
2015-02-19,7799,9.925582339616186,22.0,30.9,15.1,14.9,0.0,2,598,False,False,False,True,False,False
2015-02-20,6159,10.046747307463328,10.9,27.0,3.0,18.2,0.0,2,599,False,False,False,False,False,False
2015-02-21,3157,9.848833280540594,20.1,28.9,3.0,8.0,0.01,2,600,False,True,False,False,False,False
2015-02-22,4274,11.950760411792231,34.1,42.1,14.0,3.7,0.71,2,601,False,False,True,False,False,False
2015-02-23,7458,10.532466255475098,29.3,42.1,16.0,14.0,0.11,2,602,True,False,False,False,False,False
2015-02-24,7402,10.747858686841392,12.4,37.9,6.1,9.9,0.0,2,603,False,False,False,False,True,False
2015-02-25,10751,10.857537283353496,27.7,37.9,6.1,8.7,0.0,2,604,False,False,False,False,False,True
2015-02-26,9901,11.258465474867856,26.9,37.9,21.0,9.3,0.0,2,605,False,False,False,True,False,False
2015-02-27,9864,10.997024533657742,23.7,32.0,19.0,7.3,0.0,2,606,False,False,False,False,False,False
2015-02-28,6318,10.824021314762051,22.1,30.0,15.1,7.2,0.0,2,607,False,True,False,False,False,False
2015-03-01,2879,12.341061711242329,26.7,30.0,15.1,4.4,0.0,3,608,False,False,True,False,False,False
2015-03-02,7283,11.292155247379736,32.2,37.9,24.1,9.0,0.48,3,609,True,False,False,False,False,False
2015-03-03,6533,12.700640338792796,28.4,37.9,24.1,9.8,0.0,3,610,False,False,False,False,True,False
2015-03-04,7514,11.673711294472543,38.9,46.9,24.1,8.0,0.73,3,611,False,False,False,False,False,True
2015-03-05,1637,15.430910201588272,32.9,44.1,21.2,8.6,0.46,3,612,False,False,False,True,False,False
2015-03-06,5162,12.277776701536869,21.0,41.0,15.1,7.1,0.38,3,613,False,False,False,False,False,False
2015-03-07,5590,14.794570661896245,26.8,37.9,15.1,9.3,0.0,3,614,False,True,False,False,False,False
2015-03-08,7898,13.692379927407778,40.2,48.0,35.1,8.4,0.0,3,615,False,False,True,False,False,False
2015-03-09,14878,12.643708831832232,44.9,54.0,35.1,6.5,0.02,3,616,True,False,False,False,False,False
2015-03-10,11781,12.056681662564015,40.7,54.0,33.1,4.6,0.11,3,617,False,False,False,False,True,False
2015-03-11,19561,13.39741748036058,46.4,60.1,33.1,7.5,0.44,3,618,False,False,False,False,False,True
2015-03-12,17530,12.15231793116562,45.3,60.1,37.0,16.4,0.02,3,619,False,False,False,True,False,False
2015-03-13,16145,12.060395375245175,37.1,46.9,30.9,8.4,0.0,3,620,False,False,False,False,False,False
2015-03-14,3906,12.147486772486776,43.6,51.8,37.4,7.1,0.21,3,621,False,True,False,False,False,False
2015-03-15,8838,12.09664705438636,44.1,51.1,37.0,14.0,0.81,3,622,False,False,True,False,False,False
2015-03-16,16787,11.890594904787436,40.2,51.1,36.0,9.3,0.0,3,623,True,False,False,False,False,False
2015-03-17,14857,11.778551075811626,47.9,54.0,36.0,10.6,0.0,3,624,False,False,False,False,True,False
2015-03-18,13842,11.333388720319796,33.7,37.9,28.9,19.6,0.01,3,625,False,False,False,False,False,True
2015-03-19,15446,12.821573007035262,33.5,42.1,28.0,10.7,0.0,3,626,False,False,False,True,False,False
2015-03-20,8052,11.094823232323234,34.4,42.1,28.9,8.4,0.0,3,627,False,False,False,False,False,False
2015-03-21,9338,13.598843435425144,34.9,46.9,28.9,7.1,0.29,3,628,False,True,False,False,False,False
2015-03-22,9676,12.476186785172938,39.9,48.0,28.9,13.8,0.01,3,629,False,False,True,False,False,False
2015-03-23,13538,10.822777859851282,30.5,44.1,24.1,12.3,0.0,3,630,True,False,False,False,False,False
2015-03-24,16166,11.326275310322076,33.6,44.1,24.1,7.4,0.0,3,631,False,False,False,False,True,False
2015-03-25,14670,11.68099636446262,39.1,48.0,26.1,5.7,0.0,3,632,False,False,False,False,False,True
2015-03-26,14954,11.843317284115727,45.2,57.0,32.0,4.4,0.05,3,633,False,False,False,True,False,False
2015-03-27,14107,11.577435552089977,44.9,57.0,37.9,7.7,0.52,3,634,False,False,False,False,False,False
2015-03-28,1107,12.674495633845233,37.6,46.0,33.1,10.7,0.28,3,635,False,True,False,False,False,False
2015-03-29,9826,14.182955085148247,33.5,46.0,27.0,10.3,0.0,3,636,False,False,True,False,False,False
2015-03-30,18075,12.113396957123094,42.2,55.0,27.0,10.8,0.0,3,637,True,False,False,False,False,False
2015-03-31,14250,12.694670175438596,42.8,55.0,34.0,9.6,0.0,3,638,False,False,False,False,True,False
2015-04-01,20146,13.21556388364936,39.8,51.1,34.0,8.5,0.14,4,639,False,False,False,False,False,True
2015-04-02,24227,20.76717505262723,49.9,63.0,34.0,8.4,0.0,4,640,False,False,False,True,False,False
2015-04-03,14774,13.698973421776996,59.2,63.0,39.0,9.5,0.0,4,641,False,False,False,False,False,False
2015-04-04,14355,15.031241147103216,52.0,63.0,46.9,14.3,0.04,4,642,False,True,False,False,False,False
2015-04-05,13799,18.10637848153248,50.1,62.1,43.0,11.2,0.0,4,643,False,False,True,False,False,False
2015-04-06,23391,15.093338606016555,46.7,62.1,39.0,7.8,0.0,4,644,True,False,False,False,False,False
2015-04-07,16262,11.673802935268316,50.6,60.1,39.0,7.7,0.01,4,645,False,False,False,False,True,False
2015-04-08,17872,13.84869068934646,43.0,57.0,39.9,12.3,0.16,4,646,False,False,False,False,False,True
2015-04-09,16546,11.794970587050242,39.3,46.0,37.0,12.4,0.0,4,647,False,False,False,True,False,False
2015-04-10,16317,12.313068170211029,43.0,57.2,39.2,6.9,0.25,4,648,False,False,False,False,False,False
2015-04-11,18643,16.43795168874823,55.3,57.2,51.1,14.7,0.24,4,649,False,True,False,False,False,False
2015-04-12,19954,19.100768434065017,51.3,64.9,44.1,7.6,0.0,4,650,False,False,True,False,False,False
2015-04-13,24925,15.15839919759278,55.6,64.9,44.1,8.0,0.0,4,651,True,False,False,False,False,False
2015-04-14,22703,12.626147792509068,59.3,64.9,46.9,7.0,0.0,4,652,False,False,False,False,True,False
2015-04-15,27594,16.236471696745667,59.1,70.0,51.1,7.4,0.0,4,653,False,False,False,False,False,True
2015-04-16,27180,13.467742825607065,56.5,70.0,46.9,7.4,0.0,4,654,False,False,False,True,False,False
2015-04-17,24175,15.087127886935544,59.7,71.1,46.9,9.0,0.08,4,655,False,False,False,False,False,False
2015-04-18,28174,22.166673173848228,66.0,79.0,54.0,5.7,0.0,4,656,False,True,False,False,False,False
2015-04-19,21475,18.12943344974777,57.6,79.0,50.0,8.8,0.0,4,657,False,False,True,False,False,False
2015-04-20,11202,11.984380765339523,50.6,61.0,45.0,13.2,0.0,4,658,True,False,False,False,False,False
2015-04-21,24868,16.30488110557075,57.4,66.9,45.0,9.0,0.95,4,659,False,False,False,False,True,False
2015-04-22,21997,12.904648361140156,58.8,66.9,50.0,8.9,0.07,4,660,False,False,False,False,False,True
2015-04-23,22074,14.395430521578936,47.4,66.9,42.1,13.5,0.1,4,661,False,False,False,True,False,False
2015-04-24,20981,14.680193985034078,43.4,50.0,39.0,16.1,0.0,4,662,False,False,False,False,False,False
2015-04-25,21082,18.383447965088703,46.1,60.1,39.0,11.8,0.0,4,663,False,True,False,False,False,False
2015-04-26,21594,18.999813219721524,52.0,61.0,39.0,5.2,0.0,4,664,False,False,True,False,False,False
2015-04-27,25501,13.120946237402457,53.8,61.0,45.0,9.9,0.0,4,665,True,False,False,False,False,False
2015-04-28,29795,14.78642613413884,57.2,72.0,48.9,11.5,0.0,4,666,False,False,False,False,True,False
2015-04-29,31532,14.744549452408137,64.2,75.9,51.1,8.8,0.0,4,667,False,False,False,False,False,True
2015-04-30,29252,15.552346278317158,52.4,75.9,46.9,13.1,0.0,4,668,False,False,False,True,False,False
2015-05-01,27924,14.358900348565149,52.6,64.0,46.9,7.6,0.0,5,669,False,False,False,False,False,False
2015-05-02,25743,19.347873855675967,53.9,69.1,48.0,4.7,0.0,5,670,False,True,False,False,False,False
2015-05-03,27694,20.460286223249327,59.5,75.9,48.0,6.4,0.0,5,671,False,False,True,False,False,False
2015-05-04,32066,16.651919998336762,66.5,82.0,51.1,7.1,0.0,5,672,True,False,False,False,False,False
2015-05-05,33012,16.947328244274818,72.7,82.0,54.0,7.5,0.0,5,673,False,False,False,False,True,False
2015-05-06,30313,14.547862853121323,65.3,81.0,59.0,6.4,0.0,5,674,False,False,False,False,False,True
2015-05-07,34871,15.368028352116848,64.6,75.9,52.0,5.2,0.0,5,675,False,False,False,True,False,False
2015-05-08,34304,16.27749679337687,64.2,79.0,52.0,6.3,0.0,5,676,False,False,False,False,False,False
2015-05-09,24329,19.635189828325583,58.0,79.0,53.1,8.4,0.0,5,677,False,True,False,False,False,False
2015-05-10,26573,20.346503970195307,66.3,82.0,53.1,6.0,0.01,5,678,False,False,True,False,False,False
2015-05-11,32382,16.478707306528317,74.4,82.9,57.0,9.4,0.0,5,679,True,False,False,False,False,False
2015-05-12,35225,15.161436006624085,74.9,87.1,64.0,9.1,0.0,5,680,False,False,False,False,True,False
2015-05-13,33402,15.454865477117137,65.1,87.1,57.9,15.3,0.0,5,681,False,False,False,False,False,True
2015-05-14,40826,16.911596776563957,59.7,72.0,52.0,8.5,0.0,5,682,False,False,False,True,False,False
2015-05-15,34945,15.999832117136446,63.2,73.9,52.0,7.6,0.0,5,683,False,False,False,False,False,False
2015-05-16,23882,18.769493760991544,65.2,75.0,55.9,6.5,0.01,5,684,False,True,False,False,False,False
2015-05-17,30969,19.89008255567395,70.4,82.9,57.0,3.2,0.28,5,685,False,False,True,False,False,False
2015-05-18,31559,16.207773271227435,63.6,75.9,55.4,7.5,0.02,5,686,True,False,False,False,False,False
2015-05-19,33895,14.039197030043765,61.6,82.0,55.0,6.2,0.01,5,687,False,False,False,False,True,False
2015-05-20,33823,13.874159102780158,62.0,82.0,55.0,13.2,0.0,5,688,False,False,False,False,False,True
2015-05-21,31214,13.769075308088253,57.1,66.0,53.1,7.0,0.0,5,689,False,False,False,True,False,False
2015-05-22,31891,15.433476529428368,61.8,75.0,53.1,9.9,0.0,5,690,False,False,False,False,False,False
2015-05-23,23910,20.41252892792416,59.3,75.0,50.0,11.5,0.0,5,691,False,True,False,False,False,False
2015-05-24,25151,21.735675188527964,65.7,81.0,50.0,8.7,0.0,5,692,False,False,True,False,False,False
2015-05-25,28164,20.071817450172794,72.5,82.9,55.9,8.8,0.0,5,693,True,False,False,False,False,False
2015-05-26,35786,15.203880008942043,75.2,86.0,64.9,10.3,0.0,5,694,False,False,False,False,True,False
2015-05-27,33710,13.713029763670525,73.5,86.0,66.9,9.9,0.0,5,695,False,False,False,False,False,True
2015-05-28,35934,13.981679838964029,73.4,84.0,66.9,7.0,0.02,5,696,False,False,False,True,False,False
2015-05-29,37756,15.598865081046718,73.0,84.0,64.0,7.2,0.0,5,697,False,False,False,False,False,False
2015-05-30,31147,18.942095546922648,73.1,82.9,64.0,9.8,0.0,5,698,False,True,False,False,False,False
2015-05-31,19586,18.38529817216379,74.6,86.0,66.0,9.6,0.0,5,699,False,False,True,False,False,False
2015-06-01,15283,10.937380313638249,57.4,86.0,54.0,13.8,1.69,6,700,True,False,False,False,False,False
2015-06-02,11984,11.233344459279037,52.0,57.9,50.0,10.2,0.47,6,701,False,False,False,False,True,False
2015-06-03,34590,13.803870097330634,58.2,69.1,50.0,7.3,0.24,6,702,False,False,False,False,False,True
2015-06-04,32772,13.391322368688714,58.1,69.1,53.1,9.4,0.0,6,703,False,False,False,True,False,False
2015-06-05,31294,13.494241707675595,59.5,68.0,54.0,6.5,0.0,6,704,False,False,False,False,False,False
2015-06-06,26334,18.094258373205754,65.7,73.9,55.9,7.3,0.55,6,705,False,True,False,False,False,False
2015-06-07,30773,19.35456189950065,65.3,73.9,57.0,7.6,0.0,6,706,False,False,True,False,False,False
2015-06-08,33585,14.490926008634808,67.5,77.0,57.0,11.6,0.0,6,707,True,False,False,False,False,False
2015-06-09,35412,13.748893501261346,73.3,84.9,62.1,10.1,0.05,6,708,False,False,False,False,True,False
2015-06-10,39350,15.831412960609912,74.2,84.9,66.0,8.2,0.01,6,709,False,False,False,False,False,True
2015-06-11,37400,14.352853832442069,80.2,91.9,66.0,8.8,0.0,6,710,False,False,False,True,False,False
2015-06-12,35136,14.597696569520345,80.7,91.9,71.1,7.7,0.0,6,711,False,False,False,False,False,False
2015-06-13,29980,19.425647098065376,80.5,88.0,71.1,10.1,0.0,6,712,False,True,False,False,False,False
2015-06-14,28184,18.83491697416974,77.0,87.1,68.0,6.3,0.0,6,713,False,False,True,False,False,False
2015-06-15,25087,13.001108808014774,70.3,79.0,62.6,9.0,0.79,6,714,True,False,False,False,False,False
2015-06-16,32147,13.381549859499591,68.1,79.0,62.6,7.1,0.02,6,715,False,False,False,False,True,False
2015-06-17,38030,14.446373038828996,73.9,79.0,64.0,8.3,0.34,6,716,False,False,False,False,False,True
2015-06-18,35464,13.128899729302956,66.8,69.8,64.4,7.5,0.0,6,717,False,False,False,True,False,False
2015-06-19,37380,14.67334091314428,73.2,84.9,64.9,6.0,0.0,6,718,False,False,False,False,False,False
2015-06-20,23580,16.7280491942324,69.5,84.9,64.0,8.3,0.0,6,719,False,True,False,False,False,False
2015-06-21,25926,18.05954190130885,75.0,90.0,64.0,9.4,0.25,6,720,False,False,True,False,False,False
2015-06-22,37677,15.116288009484125,79.6,90.0,69.1,10.1,0.29,6,721,True,False,False,False,False,False
2015-06-23,32294,13.68925342168824,84.4,91.9,72.0,10.3,0.0,6,722,False,False,False,False,True,False
2015-06-24,41070,15.155445580715847,77.1,91.9,69.1,10.1,0.07,6,723,False,False,False,False,False,True
2015-06-25,39673,14.255832262075804,76.8,84.9,69.1,6.0,0.0,6,724,False,False,False,True,False,False
2015-06-26,38614,15.524874397886776,74.8,84.9,69.1,7.7,0.0,6,725,False,False,False,False,False,False
2015-06-27,15485,15.897769884834792,69.0,80.1,62.1,8.5,0.0,6,726,False,True,False,False,False,False
2015-06-28,20591,17.467263205607626,64.2,73.9,60.1,12.4,1.32,6,727,False,False,True,False,False,False
2015-06-29,38037,15.260375862099188,71.3,78.1,62.1,10.1,0.26,6,728,True,False,False,False,False,False
2015-06-30,38087,14.458011044888462,75.3,82.0,64.0,9.5,0.0,6,729,False,False,False,False,True,False
2015-07-01,37539,14.62750339646767,76.4,84.9,70.0,9.7,0.35,7,730,False,False,False,False,False,True
2015-07-02,35559,17.68244654424102,75.7,84.9,70.0,6.4,0.0,7,731,False,False,False,True,False,False
2015-07-03,26928,18.45126510200039,73.5,81.0,66.9,4.8,0.0,7,732,False,False,False,False,False,False
2015-07-04,21706,22.563756565005065,71.8,81.0,66.9,6.9,0.0,7,733,False,True,False,False,False,False
2015-07-05,25920,19.966261574074075,75.1,84.9,69.1,4.6,0.0,7,734,False,False,True,False,False,False
2015-07-06,35251,15.052033039251844,77.1,84.9,70.0,6.2,0.0,7,735,True,False,False,False,False,False
2015-07-07,36837,14.438571273447897,79.5,88.0,71.1,9.2,0.0,7,736,False,False,False,False,True,False
2015-07-08,35047,14.531237576207188,82.0,89.1,75.0,7.7,0.0,7,737,False,False,False,False,False,True
2015-07-09,31978,15.268790522650988,73.8,89.1,68.0,6.4,0.09,7,738,False,False,False,True,False,False
2015-07-10,38559,15.94727473914434,75.8,84.0,68.0,9.4,0.29,7,739,False,False,False,False,False,False
2015-07-11,31719,18.817512637010413,78.6,86.0,72.0,3.8,0.0,7,740,False,True,False,False,False,False
2015-07-12,31037,20.149660620120063,81.1,89.1,72.0,4.9,0.0,7,741,False,False,True,False,False,False
2015-07-13,38485,15.629013035381751,80.4,89.1,73.0,6.9,0.0,7,742,True,False,False,False,False,False
2015-07-14,35802,14.039480103532393,76.1,84.9,71.1,6.8,0.0,7,743,False,False,False,False,True,False
2015-07-15,34979,14.368374834424468,75.9,81.0,71.1,6.5,0.95,7,744,False,False,False,False,False,True
2015-07-16,42356,16.96934161236503,72.1,81.0,64.0,8.7,0.01,7,745,False,False,False,True,False,False
2015-07-17,39595,16.055936776529023,73.5,80.1,64.0,9.0,0.0,7,746,False,False,False,False,False,False
2015-07-18,28870,18.415917907862838,76.3,86.0,68.0,9.5,0.0,7,747,False,True,False,False,False,False
2015-07-19,28531,19.219338614139005,84.3,93.9,72.0,5.9,0.18,7,748,False,False,True,False,False,False
2015-07-20,34889,15.001682478718214,89.1,95.0,78.1,7.1,0.0,7,749,True,False,False,False,False,False
2015-07-21,38499,14.462454436045958,86.0,95.0,80.1,6.3,0.0,7,750,False,False,False,False,True,False
2015-07-22,42557,15.674898763227356,77.1,91.9,71.1,11.8,0.0,7,751,False,False,False,False,False,True
2015-07-23,42175,14.830885595732068,77.1,86.0,71.1,9.2,0.0,7,752,False,False,False,True,False,False
2015-07-24,40330,15.098046532771304,78.2,84.9,71.1,5.4,0.0,7,753,False,False,False,False,False,False
2015-07-25,31639,20.197454091469396,78.1,84.9,71.1,6.3,0.0,7,754,False,True,False,False,False,False
2015-07-26,30543,18.38259721267284,79.8,89.1,71.1,9.6,0.0,7,755,False,False,True,False,False,False
2015-07-27,38747,15.524270696225944,79.9,89.1,75.0,8.6,0.05,7,756,True,False,False,False,False,False
2015-07-28,40434,14.023608844042144,82.8,93.9,75.9,5.0,0.0,7,757,False,False,False,False,True,False
2015-07-29,39428,13.735740674985628,86.3,95.0,75.9,5.8,0.0,7,758,False,False,False,False,False,True
2015-07-30,31166,13.443922864660204,82.1,95.0,75.0,8.8,0.0,7,759,False,False,False,True,False,False
2015-07-31,38571,14.983280616698206,81.1,91.0,73.9,6.8,1.62,7,760,False,False,False,False,False,False
2015-08-01,35179,19.9665553313056,83.7,91.0,73.9,7.8,0.0,8,761,False,True,False,False,False,False
2015-08-02,31622,19.153534986191044,81.0,90.0,73.0,6.5,0.0,8,762,False,False,True,False,False,False
2015-08-03,38888,14.86780069258726,82.5,91.9,73.0,9.1,0.0,8,763,True,False,False,False,False,False
2015-08-04,40783,14.245816884486183,83.1,91.0,69.8,9.7,0.3,8,764,False,False,False,False,True,False
2015-08-05,41075,14.34963643741124,80.5,91.0,70.0,6.3,0.0,8,765,False,False,False,False,False,True
2015-08-06,42283,14.349701219560268,76.3,88.0,64.9,6.7,0.0,8,766,False,False,False,True,False,False
2015-08-07,40999,15.606476580729613,75.8,82.0,69.1,8.3,0.0,8,767,False,False,False,False,False,False
2015-08-08,38723,21.16163692551368,74.7,82.0,69.1,6.0,0.0,8,768,False,True,False,False,False,False
2015-08-09,32716,24.25173870073765,75.7,87.1,69.1,6.8,0.0,8,769,False,False,True,False,False,False
2015-08-10,39870,20.883078755956856,74.5,84.0,70.0,8.5,0.0,8,770,True,False,False,False,False,False
2015-08-11,25066,21.170636852043927,75.1,82.4,71.1,10.9,0.67,8,771,False,False,False,False,True,False
2015-08-12,42994,18.275141492611375,77.3,84.9,71.1,9.4,0.51,8,772,False,False,False,False,False,True
2015-08-13,42170,17.915154928464165,75.7,84.9,69.1,7.6,0.0,8,773,False,False,False,True,False,False
2015-08-14,39983,16.069323629209077,78.9,88.0,69.1,5.2,0.0,8,774,False,False,False,False,False,False
2015-08-15,37821,21.430396252522847,81.4,91.9,71.1,6.5,0.0,8,775,False,True,False,False,False,False
2015-08-16,30344,19.528532274365055,82.8,91.9,73.9,4.9,0.0,8,776,False,False,True,False,False,False
2015-08-17,37449,14.14231310137342,84.7,93.0,77.0,4.8,0.0,8,777,True,False,False,False,False,False
2015-08-18,39916,14.111271169455852,83.4,93.0,77.0,8.5,0.0,8,778,False,False,False,False,True,False
2015-08-19,40726,15.054147637054133,80.2,89.1,75.9,9.6,0.0,8,779,False,False,False,False,False,True
2015-08-20,39280,14.207862780040733,81.0,87.1,75.9,11.0,0.0,8,780,False,False,False,True,False,False
2015-08-21,38038,14.394969504180033,78.7,87.1,71.1,9.1,0.32,8,781,False,False,False,False,False,False
2015-08-22,34277,19.970484095263103,76.6,86.0,70.0,6.8,0.0,8,782,False,True,False,False,False,False
2015-08-23,33071,18.218143287674,75.8,84.0,70.0,5.9,0.0,8,783,False,False,True,False,False,False
2015-08-24,38943,14.512043670663958,78.5,86.0,71.1,5.5,0.0,8,784,True,False,False,False,False,False
2015-08-25,41655,16.293788660825037,80.6,88.0,73.0,8.3,0.0,8,785,False,False,False,False,True,False
2015-08-26,42832,14.303074803884943,76.9,88.0,69.1,9.3,0.0,8,786,False,False,False,False,False,True
2015-08-27,43173,14.394793427991262,74.2,82.9,68.0,9.0,0.0,8,787,False,False,False,True,False,False
2015-08-28,41755,15.329681076118629,73.1,82.9,66.0,5.3,0.0,8,788,False,False,False,False,False,False
2015-08-29,34381,21.110881979387838,76.8,84.9,66.0,5.3,0.0,8,789,False,True,False,False,False,False
2015-08-30,32913,18.776983765280185,79.1,90.0,70.0,7.4,0.0,8,790,False,False,True,False,False,False
2015-08-31,40119,14.14580830363004,82.7,91.9,72.0,7.5,0.08,8,791,True,False,False,False,False,False
2015-09-01,43291,14.215529401800216,82.6,91.9,75.9,6.3,0.0,9,792,False,False,False,False,True,False
2015-09-02,43225,15.4317061885483,80.2,88.0,75.0,5.6,0.0,9,793,False,False,False,False,False,True
2015-09-03,42879,13.919988417018434,82.6,93.0,75.0,4.9,0.0,9,794,False,False,False,True,False,False
2015-09-04,39956,15.866640804885373,80.3,93.0,75.0,8.6,0.0,9,795,False,False,False,False,False,False
2015-09-05,34005,20.36882762338872,72.9,84.0,66.9,8.7,0.0,9,796,False,True,False,False,False,False
2015-09-06,33199,20.810108738215007,73.9,84.0,66.9,5.1,0.0,9,797,False,False,True,False,False,False
2015-09-07,33682,19.942311917344576,77.8,90.0,66.9,7.9,0.0,9,798,True,False,False,False,False,False
2015-09-08,42766,15.736452243994448,83.3,95.0,71.1,7.8,0.0,9,799,False,False,False,False,True,False
2015-09-09,44005,13.642563723819269,81.1,88.0,75.2,10.4,0.0,9,800,False,False,False,False,False,True
2015-09-10,22253,12.542506628319776,75.3,89.1,72.0,8.5,0.66,9,801,False,False,False,True,False,False
2015-09-11,47613,15.51068440691968,72.4,81.0,66.0,8.8,0.52,9,802,False,False,False,False,False,False
2015-09-12,33661,19.277701692364065,74.6,81.0,66.0,7.2,0.0,9,803,False,True,False,False,False,False
2015-09-13,34794,20.105077503784177,72.6,79.0,68.0,8.8,0.22,9,804,False,False,True,False,False,False
2015-09-14,44668,16.586815318945703,66.6,79.0,59.0,12.8,0.05,9,805,True,False,False,False,False,False
2015-09-15,48729,17.101023688836904,73.2,84.0,59.0,6.2,0.0,9,806,False,False,False,False,True,False
2015-09-16,51179,16.26216058669897,76.8,87.1,64.9,2.7,0.0,9,807,False,False,False,False,False,True
2015-09-17,50705,17.223370147585715,78.0,87.1,68.0,4.1,0.0,9,808,False,False,False,True,False,False
2015-09-18,50285,17.841787478041837,76.9,87.1,70.0,5.0,0.0,9,809,False,False,False,False,False,False
2015-09-19,43011,23.090150194136378,73.9,84.9,69.1,7.7,0.0,9,810,False,True,False,False,False,False
2015-09-20,40462,22.248878371476117,73.3,80.1,69.1,10.8,0.0,9,811,False,False,True,False,False,False
2015-09-21,47180,16.602875865479724,65.4,75.9,59.0,11.0,0.0,9,812,True,False,False,False,False,False
2015-09-22,48685,16.310683304234708,66.3,73.0,59.0,10.8,0.0,9,813,False,False,False,False,True,False
2015-09-23,48366,17.72357165501937,67.6,79.0,59.0,6.3,0.0,9,814,False,False,False,False,False,True
2015-09-24,52706,17.991786197649855,69.9,81.0,59.0,6.4,0.0,9,815,False,False,False,True,False,False
2015-09-25,51368,18.575825741057987,68.5,81.0,63.0,9.7,0.0,9,816,False,False,False,False,False,False
2015-09-26,42560,21.34621749686716,65.9,70.0,60.8,9.5,0.0,9,817,False,True,False,False,False,False
2015-09-27,38285,20.84113403857037,62.2,70.0,55.9,9.1,0.0,9,818,False,False,True,False,False,False
2015-09-28,48011,17.792971749529617,68.5,79.0,55.9,6.3,0.0,9,819,True,False,False,False,False,False
2015-09-29,48725,17.201326150162473,74.7,82.9,64.9,5.5,0.0,9,820,False,False,False,False,True,False
2015-09-30,39445,14.548676215827944,73.2,82.9,66.0,10.6,1.05,9,821,False,False,False,False,False,True
2015-10-01,34719,18.44921752738654,59.4,78.1,54.0,13.6,0.06,10,822,False,False,False,True,False,False
2015-10-02,9444,18.695468022024563,53.9,57.9,50.0,16.3,0.13,10,823,False,False,False,False,False,False
2015-10-03,16564,20.15848124446591,51.6,55.0,48.2,21.6,1.45,10,824,False,True,False,False,False,False
2015-10-04,30214,20.876187639284215,57.1,63.0,48.9,18.2,0.02,10,825,False,False,True,False,False,False
2015-10-05,44581,18.537194469990958,57.2,64.9,51.8,11.5,0.0,10,826,True,False,False,False,False,False
2015-10-06,49719,17.54885121046951,62.4,73.0,52.0,5.0,0.0,10,827,False,False,False,False,True,False
2015-10-07,50141,16.42213956642269,64.6,73.0,55.0,5.5,0.0,10,828,False,False,False,False,False,True
2015-10-08,50179,18.0250712449431,64.2,73.0,59.0,5.9,0.0,10,829,False,False,False,True,False,False
2015-10-09,37283,21.964734597537745,66.9,78.1,60.1,7.7,0.0,10,830,False,False,False,False,False,False
2015-10-10,39345,23.579905536493417,60.0,78.1,52.0,8.1,0.5,10,831,False,True,False,False,False,False
2015-10-11,38967,25.43378927468541,59.7,70.0,52.0,6.2,0.0,10,832,False,False,True,False,False,False
2015-10-12,45584,18.562714256464265,64.5,75.9,53.1,6.4,0.0,10,833,True,False,False,False,False,False
2015-10-13,49047,16.981473212768705,66.1,75.9,55.9,6.8,0.0,10,834,False,False,False,False,True,False
2015-10-14,49998,15.807131618598085,64.5,73.0,59.0,9.2,0.0,10,835,False,False,False,False,False,True
2015-10-15,48783,17.141100041681195,58.5,68.0,52.0,9.1,0.0,10,836,False,False,False,True,False,False
2015-10-16,46484,17.561983334767515,59.0,64.0,52.0,10.0,0.0,10,837,False,False,False,False,False,False
2015-10-17,31809,20.511525564043712,52.9,64.0,48.0,11.6,0.0,10,838,False,True,False,False,False,False
2015-10-18,23978,16.75690424555843,44.4,55.0,39.0,11.4,0.0,10,839,False,False,True,False,False,False
2015-10-19,36570,16.252126515358672,43.5,53.1,37.0,8.1,0.0,10,840,True,False,False,False,False,False
2015-10-20,45376,16.729051334038555,56.0,71.1,37.0,10.5,0.0,10,841,False,False,False,False,True,False
2015-10-21,49121,16.535452589863123,65.5,75.9,48.9,5.9,0.0,10,842,False,False,False,False,False,True
2015-10-22,49604,17.312967368223,65.0,75.9,57.0,7.2,0.0,10,843,False,False,False,True,False,False
2015-10-23,44679,17.506105030700464,60.0,75.9,52.0,11.0,0.0,10,844,False,False,False,False,False,False
2015-10-24,31713,19.284232543961995,48.3,64.9,41.0,7.7,0.0,10,845,False,True,False,False,False,False
2015-10-25,29289,19.484441257810108,59.3,68.0,41.0,9.1,0.01,10,846,False,False,True,False,False,False
2015-10-26,42165,15.205814854342073,53.0,68.0,48.0,8.4,0.02,10,847,True,False,False,False,False,False
2015-10-27,44553,14.859671252964633,52.2,59.0,46.0,6.0,0.0,10,848,False,False,False,False,True,False
2015-10-28,20736,14.43248858667695,56.9,70.0,46.0,12.7,0.0,10,849,False,False,False,False,False,True
2015-10-29,45358,16.448131898819756,67.6,73.9,51.1,13.5,1.26,10,850,False,False,False,True,False,False
2015-10-30,44518,15.93633736166644,56.8,73.9,51.1,13.4,0.01,10,851,False,False,False,False,False,False
2015-10-31,31756,20.491124511903266,49.0,60.1,43.0,7.8,0.0,10,852,False,True,False,False,False,False
2015-11-01,30622,20.196167787864944,57.3,64.9,43.0,7.1,0.0,11,853,False,False,True,False,False,False
2015-11-02,44534,16.63772660588913,60.2,64.9,53.1,4.9,0.0,11,854,True,False,False,False,False,False
2015-11-03,49326,18.015803700550077,61.3,73.0,51.1,2.5,0.0,11,855,False,False,False,False,True,False
2015-11-04,49487,16.941281548689552,61.5,73.0,51.1,3.6,0.0,11,856,False,False,False,False,False,True
2015-11-05,43006,15.28793772961912,62.0,71.1,55.0,3.3,0.0,11,857,False,False,False,True,False,False
2015-11-06,47162,17.097363696761523,68.3,75.0,57.0,7.5,0.0,11,858,False,False,False,False,False,False
2015-11-07,35586,21.318811236628637,65.9,75.0,57.0,9.2,0.0,11,859,False,True,False,False,False,False
2015-11-08,32317,19.78849264061227,53.5,72.0,48.0,9.9,0.0,11,860,False,False,True,False,False,False
2015-11-09,42262,15.837494676068337,53.0,60.1,46.0,2.9,0.0,11,861,True,False,False,False,False,False
2015-11-10,21585,13.018756080611531,56.0,60.1,46.0,9.6,0.0,11,862,False,False,False,False,True,False
2015-11-11,37705,14.9378110772223,53.2,59.0,50.0,12.7,0.5,11,863,False,False,False,False,False,True
2015-11-12,37319,13.343849424332562,55.2,60.1,50.0,8.0,0.23,11,864,False,False,False,True,False,False
2015-11-13,38970,14.539436746215042,56.8,60.1,51.1,16.1,0.01,11,865,False,False,False,False,False,False
2015-11-14,25299,17.23227861443798,47.8,59.0,45.0,16.2,0.0,11,866,False,True,False,False,False,False
2015-11-15,25990,18.136986020264203,47.4,59.0,42.1,8.5,0.0,11,867,False,False,True,False,False,False
2015-11-16,40916,15.26048530322286,58.8,68.0,42.1,5.7,0.0,11,868,True,False,False,False,False,False
2015-11-17,38939,14.368553806380923,49.1,68.0,41.0,10.7,0.0,11,869,False,False,False,False,True,False
2015-11-18,41485,13.985746655417625,50.5,59.0,41.0,7.3,0.0,11,870,False,False,False,False,False,True
2015-11-19,21890,14.644936805238313,59.7,64.0,45.0,11.7,0.0,11,871,False,False,False,True,False,False
2015-11-20,38205,16.31373205950355,58.9,64.4,53.1,12.5,1.16,11,872,False,False,False,False,False,False
2015-11-21,28038,16.867668877951353,47.2,64.0,43.0,8.7,0.0,11,873,False,True,False,False,False,False
2015-11-22,23343,16.721426837453063,52.1,55.9,43.0,7.9,0.0,11,874,False,False,True,False,False,False
2015-11-23,30136,13.275741084859748,41.8,55.9,36.0,13.2,0.0,11,875,True,False,False,False,False,False
2015-11-24,32218,13.300495582179735,39.2,46.9,33.1,7.2,0.0,11,876,False,False,False,False,True,False
2015-11-25,30295,15.0955520712989,44.0,48.9,33.1,6.5,0.0,11,877,False,False,False,False,False,True
2015-11-26,13291,23.749510947257548,48.1,60.1,39.9,3.9,0.0,11,878,False,False,False,True,False,False
2015-11-27,22824,18.52700738988199,55.6,64.9,41.0,5.0,0.0,11,879,False,False,False,False,False,False
2015-11-28,15830,17.995388502842708,57.2,64.9,46.9,6.8,0.0,11,880,False,True,False,False,False,False
2015-11-29,18452,15.968623997398652,43.0,46.9,37.9,8.7,0.03,11,881,False,False,True,False,False,False
2015-11-30,30213,12.731424111033885,39.8,46.0,33.8,10.5,0.0,11,882,True,False,False,False,False,False
2015-12-01,18399,12.880604924180664,47.1,53.6,44.1,9.6,0.13,12,883,False,False,False,False,True,False
2015-12-02,23782,13.507134247189754,48.1,55.4,46.0,5.1,0.24,12,884,False,False,False,False,False,True
2015-12-03,33917,13.151216204263347,51.4,57.2,46.9,11.5,0.1,12,885,False,False,False,True,False,False
2015-12-04,34737,14.553756321309653,46.9,55.9,44.1,10.5,0.0,12,886,False,False,False,False,False,False
2015-12-05,26358,21.226578268457388,47.1,52.0,43.0,4.1,0.0,12,887,False,True,False,False,False,False
2015-12-06,24943,19.680364564540483,47.1,53.1,39.9,3.6,0.0,12,888,False,False,True,False,False,False
2015-12-07,34139,14.107047658103635,48.8,55.0,39.9,4.5,0.0,12,889,True,False,False,False,False,False
2015-12-08,35614,13.692017184253388,45.3,55.0,41.0,6.5,0.0,12,890,False,False,False,False,True,False
2015-12-09,35306,14.534629147076036,45.7,53.1,39.0,4.2,0.0,12,891,False,False,False,False,False,True
2015-12-10,39099,14.727249631277864,55.0,61.0,39.0,6.0,0.0,12,892,False,False,False,True,False,False
2015-12-11,39060,15.879403481822838,54.3,61.0,48.9,5.4,0.0,12,893,False,False,False,False,False,False
2015-12-12,31957,20.004699544179164,59.0,66.0,48.9,3.6,0.0,12,894,False,True,False,False,False,False
2015-12-13,32001,19.6570409258044,57.1,66.0,53.1,3.3,0.0,12,895,False,False,True,False,False,False
2015-12-14,32518,13.52645816675892,53.7,62.1,51.1,5.6,0.0,12,896,True,False,False,False,False,False
2015-12-15,38661,13.750234517127508,60.7,64.4,55.0,12.4,0.39,12,897,False,False,False,False,True,False
2015-12-16,35643,13.286628978106965,50.0,64.0,45.0,10.8,0.11,12,898,False,False,False,False,False,True
2015-12-17,21961,14.37893462653492,53.4,59.0,48.0,6.5,0.05,12,899,False,False,False,True,False,False
2015-12-18,30704,14.70371232846969,51.1,59.0,43.0,9.6,0.88,12,900,False,False,False,False,False,False
2015-12-19,17778,14.9548730640867,39.2,57.0,36.0,15.5,0.01,12,901,False,True,False,False,False,False
2015-12-20,17030,16.1715844587982,39.8,44.1,36.0,12.0,0.0,12,902,False,False,True,False,False,False
2015-12-21,29800,12.92418903803132,45.6,55.0,36.0,8.0,0.0,12,903,True,False,False,False,False,False
2015-12-22,22941,13.47154802900193,56.8,62.6,55.0,6.4,0.0,12,904,False,False,False,False,True,False
2015-12-23,14817,13.377803648961777,54.2,62.1,50.0,6.1,0.18,12,905,False,False,False,False,False,True
2015-12-24,18447,18.84239713774597,64.0,72.0,50.0,9.2,1.46,12,906,False,False,False,True,False,False
2015-12-25,12333,34.913612530068384,60.3,72.0,54.0,2.3,0.01,12,907,False,False,False,False,False,False
2015-12-26,13914,23.21140697618706,54.5,64.0,50.0,7.7,0.03,12,908,False,True,False,False,False,False
2015-12-27,13177,21.12411651615188,52.4,62.6,46.0,6.8,0.14,12,909,False,False,True,False,False,False
2015-12-28,18889,14.81826812783454,44.8,62.1,39.0,11.7,0.02,12,910,True,False,False,False,False,False
2015-12-29,13347,12.11237981069404,40.2,46.9,33.8,12.7,0.37,12,911,False,False,False,False,True,False
2015-12-30,22477,15.921718497427005,41.8,48.0,34.0,4.8,0.13,12,912,False,False,False,False,False,True
2015-12-31,20376,16.815838895432535,47.0,48.2,46.0,5.7,0.17,12,913,False,False,False,True,False,False
2016-01-01,11009,20.218967814212604,41.9,50.0,39.0,11.8,0.03,1,914,False,False,False,False,False,False
2016-01-02,14587,17.119549370444005,37.3,43.0,34.0,11.9,0.0,1,915,False,True,False,False,False,False
2016-01-03,15499,15.743290965008494,40.0,46.9,34.0,9.9,0.0,1,916,False,False,True,False,False,False
2016-01-04,19593,12.859374946834754,33.7,46.9,21.0,13.9,0.0,1,917,True,False,False,False,False,False
2016-01-05,18053,11.371251315570818,19.5,37.9,12.9,13.8,0.0,1,918,False,False,False,False,True,False
2016-01-06,24569,13.925138724951498,32.2,43.0,12.9,4.2,0.0,1,919,False,False,False,False,False,True
2016-01-07,27773,12.8975695819681,39.0,48.0,26.1,3.7,0.0,1,920,False,False,False,True,False,False
2016-01-08,28709,14.043273886237763,40.3,48.0,32.0,7.0,0.0,1,921,False,False,False,False,False,False
2016-01-09,20846,14.839802999776136,43.7,48.0,34.0,10.8,0.0,1,922,False,True,False,False,False,False
2016-01-10,14275,15.18351430239346,50.9,59.0,41.0,12.7,0.63,1,923,False,False,True,False,False,False
2016-01-11,22937,11.935826394035836,37.8,59.0,30.9,16.0,0.79,1,924,True,False,False,False,False,False
2016-01-12,25211,12.203203628045962,32.9,45.0,26.1,9.0,0.0,1,925,False,False,False,False,True,False
2016-01-13,21133,13.28315273111563,29.3,45.0,24.1,16.9,0.0,1,926,False,False,False,False,False,True
2016-01-14,23780,13.019561956826468,28.7,39.0,24.1,11.0,0.0,1,927,False,False,False,True,False,False
2016-01-15,28435,14.487640818240427,40.2,52.0,24.1,4.8,0.0,1,928,False,False,False,False,False,False
2016-01-16,19178,16.918041505892177,46.3,52.0,34.0,9.6,0.24,1,929,False,True,False,False,False,False
2016-01-17,12024,16.351681359503218,38.9,46.9,30.2,9.5,0.02,1,930,False,False,True,False,False,False
2016-01-18,12718,12.472764323530956,29.0,44.1,24.1,15.0,0.05,1,931,True,False,False,False,False,False
2016-01-19,17281,11.16667920452134,22.8,33.1,18.0,19.0,0.0,1,932,False,False,False,False,True,False
2016-01-20,23420,12.554346712211782,32.1,37.9,18.0,13.0,0.0,1,933,False,False,False,False,False,True
2016-01-21,23672,13.704975639292552,32.6,37.9,28.0,10.8,0.0,1,934,False,False,False,True,False,False
2016-01-22,20950,14.860442322991249,27.3,37.9,21.9,10.5,0.0,1,935,False,False,False,False,False,False
2016-01-27,6761,17.990472316718435,44.4,48.9,35.1,10.3,0.01,1,940,False,False,False,False,False,True
2016-01-28,11946,16.81526591885708,37.9,48.0,28.9,5.4,0.0,1,941,False,False,False,True,False,False
2016-01-29,16028,14.059549954246734,39.8,44.1,28.9,8.0,0.0,1,942,False,False,False,False,False,False
2016-01-30,12973,15.286832909375883,34.0,42.1,30.0,10.4,0.0,1,943,False,True,False,False,False,False
2016-01-31,16118,16.035860528601564,42.4,55.9,30.0,6.8,0.0,1,944,False,False,True,False,False,False
2016-02-01,24334,13.25067943344018,50.5,59.0,37.0,6.5,0.0,2,945,True,False,False,False,False,False
2016-02-02,28528,14.370903439895306,45.5,59.0,37.9,5.0,0.0,2,946,False,False,False,False,True,False
2016-02-03,16203,11.66301302227982,48.1,57.0,37.9,9.0,0.0,2,947,False,False,False,False,False,True
2016-02-04,27766,15.73333213282432,54.0,57.9,42.1,8.2,0.69,2,948,False,False,False,True,False,False
2016-02-05,13670,13.922404291636186,39.4,57.9,32.0,13.7,0.31,2,949,False,False,False,False,False,False
2016-02-06,16933,16.371742553987286,36.0,44.1,32.0,9.3,0.05,2,950,False,True,False,False,False,False
2016-02-07,17605,15.890264129508662,39.6,46.0,32.0,5.0,0.0,2,951,False,False,True,False,False,False
2016-02-08,19026,12.80670573601037,36.7,39.9,30.2,13.5,0.0,2,952,True,False,False,False,False,False
2016-02-09,22741,13.10670375093444,30.2,41.0,27.0,8.3,0.06,2,953,False,False,False,False,True,False
2016-02-10,22420,13.478496134403809,35.4,39.9,27.0,7.6,0.01,2,954,False,False,False,False,False,True
2016-02-11,18748,13.523118021477847,28.1,39.9,23.0,17.3,0.0,2,955,False,False,False,True,False,False
2016-02-12,16449,15.26337163353395,21.7,32.0,17.1,12.3,0.05,2,956,False,False,False,False,False,False
2016-02-13,6625,13.904042767295596,21.6,27.0,10.9,17.0,0.0,2,957,False,True,False,False,False,False
2016-02-14,4653,15.776377247653842,8.3,24.1,1.0,15.8,0.0,2,958,False,False,True,False,False,False
2016-02-15,5884,11.873243825062314,19.1,30.9,1.0,6.2,0.0,2,959,True,False,False,False,False,False
2016-02-16,14542,12.414541787007748,46.1,57.2,30.9,13.4,0.49,2,960,False,False,False,False,True,False
2016-02-17,23572,12.860501159567852,39.9,57.0,35.1,12.6,0.8,2,961,False,False,False,False,False,True
2016-02-18,22261,14.31494392285462,33.9,41.0,28.9,12.8,0.0,2,962,False,False,False,True,False,False
2016-02-19,21959,13.206008925725213,30.2,37.4,25.0,7.6,0.0,2,963,False,False,False,False,False,False
2016-02-20,24484,20.4616341284104,47.4,62.1,25.0,10.1,0.0,2,964,False,True,False,False,False,False
2016-02-21,20052,19.637280570516655,53.1,62.1,39.9,8.4,0.0,2,965,False,False,True,False,False,False
2016-02-22,28233,14.050746762063309,46.0,57.0,39.0,6.1,0.05,2,966,True,False,False,False,False,False
2016-02-23,16133,12.878113184156696,38.8,53.1,36.0,13.0,0.0,2,967,False,False,False,False,True,False
2016-02-24,9761,11.923438513813474,39.8,55.4,35.6,14.0,0.3,2,968,False,False,False,False,False,True
2016-02-25,25102,12.41208203861578,52.7,61.0,36.0,17.1,1.48,2,969,False,False,False,True,False,False
2016-02-26,22573,12.97242649773328,36.6,41.0,33.1,17.7,0.02,2,970,False,False,False,False,False,False
2016-02-27,17226,16.94913986609389,32.6,42.1,28.0,11.5,0.0,2,971,False,True,False,False,False,False
2016-02-28,25437,20.95710120428248,46.3,61.0,28.0,10.1,0.0,2,972,False,False,True,False,False,False
2016-02-29,27954,13.314709284300394,51.2,61.0,39.0,9.4,0.0,2,973,True,False,False,False,False,False
2016-03-01,30509,15.12471128737968,46.6,61.0,39.9,11.4,0.07,3,974,False,False,False,False,True,False
2016-03-02,26195,13.53202074187186,46.5,55.9,36.0,15.1,0.17,3,975,False,False,False,False,False,True
2016-03-03,24061,13.285572087610657,31.5,36.0,27.0,11.9,0.0,3,976,False,False,False,True,False,False
2016-03-04,17369,12.661628955802485,33.7,42.1,27.0,10.0,0.04,3,977,False,False,False,False,False,False
2016-03-05,18023,16.74782962510865,34.8,42.1,30.0,9.4,0.04,3,978,False,True,False,False,False,False
2016-03-06,18832,16.34574217643727,37.8,46.9,30.0,4.5,0.0,3,979,False,False,True,False,False,False
2016-03-07,31492,16.197380287057033,45.1,61.0,33.1,9.3,0.0,3,980,True,False,False,False,False,False
2016-03-08,36521,15.032190611794125,53.9,64.0,37.0,5.8,0.0,3,981,False,False,False,False,True,False
2016-03-09,41490,18.328602876195077,54.0,75.0,41.0,5.3,0.0,3,982,False,False,False,False,False,True
2016-03-10,42252,17.6526988860488,70.0,78.1,64.0,6.7,0.0,3,983,False,False,False,True,False,False
2016-03-11,38195,18.275407775886897,61.2,78.1,54.0,9.7,0.04,3,984,False,False,False,False,False,False
2016-03-12,32771,22.65650524345713,49.6,66.0,41.0,7.2,0.0,3,985,False,True,False,False,False,False
2016-03-13,27550,22.44610889292196,56.7,64.0,41.0,5.6,0.0,3,986,False,False,True,False,False,False
2016-03-14,10930,12.24170936261055,47.6,64.0,41.0,12.0,0.02,3,987,True,False,False,False,False,False
2016-03-15,31596,15.49155853061569,48.0,57.0,41.0,12.8,0.17,3,988,False,False,False,False,True,False
2016-03-16,36067,16.4251014315949,53.5,64.9,44.1,3.2,0.0,3,989,False,False,False,False,False,True
2016-03-17,35390,16.21275737025525,52.2,64.9,45.0,7.6,0.02,3,990,False,False,False,True,False,False
2016-03-18,34647,15.460024917982318,53.0,64.0,45.0,13.3,0.04,3,991,False,False,False,False,False,False
2016-03-19,24048,18.363905522288757,43.5,57.0,37.0,7.0,0.0,3,992,False,True,False,False,False,False
2016-03-20,16678,19.04426390054763,38.9,46.9,33.1,12.7,0.0,3,993,False,False,True,False,False,False
2016-03-21,26414,13.608512531233435,39.6,50.0,33.1,10.4,0.14,3,994,True,False,False,False,False,False
2016-03-22,33497,15.566450726930768,43.8,55.0,37.0,13.6,0.07,3,995,False,False,False,False,True,False
2016-03-23,40983,17.209375838762416,57.4,71.1,50.0,9.1,0.0,3,996,False,False,False,False,False,True
2016-03-24,36495,15.03523542037722,50.1,71.1,44.1,11.2,0.0,3,997,False,False,False,True,False,False
2016-03-25,34097,19.25185158029543,55.9,73.0,44.1,7.9,0.0,3,998,False,False,False,False,False,False
2016-03-26,27478,25.45250139505545,47.0,73.0,39.0,10.5,0.07,3,999,False,True,False,False,False,False
2016-03-27,22483,21.431044196355767,45.8,54.0,39.0,6.8,0.0,3,1000,False,False,True,False,False,False
2016-03-28,20345,14.65862947489146,47.3,62.1,42.8,11.2,0.19,3,1001,True,False,False,False,False,False
2016-03-29,31481,14.373479770867084,49.7,63.0,43.0,21.8,0.32,3,1002,False,False,False,False,True,False
2016-03-30,33684,16.178734216047193,45.4,53.1,39.0,10.7,0.0,3,1003,False,False,False,False,False,True
2016-03-31,38348,18.082657939570947,57.2,70.0,39.0,11.1,0.0,3,1004,False,False,False,True,False,False
2016-04-01,34449,17.703992859008974,62.6,79.0,48.9,9.1,0.0,4,1005,False,False,False,False,False,False
2016-04-02,21839,18.66131919959705,56.3,79.0,48.9,6.9,0.01,4,1006,False,True,False,False,False,False
2016-04-03,15322,18.47535134664752,42.3,61.0,35.1,19.7,0.24,4,1007,False,False,True,False,False,False
2016-04-04,12302,11.236617352192052,39.7,50.0,35.1,9.4,0.11,4,1008,True,False,False,False,False,False
2016-04-05,26238,15.07687006123434,33.3,45.0,27.0,13.3,0.5,4,1009,False,False,False,False,True,False
2016-04-06,29365,15.281174300471084,39.0,48.0,27.0,9.9,0.0,4,1010,False,False,False,False,False,True
2016-04-07,30402,13.857027498190911,52.0,60.1,32.0,12.8,0.0,4,1011,False,False,False,True,False,False
2016-04-08,30817,16.405474792052008,48.9,60.1,44.1,13.7,0.15,4,1012,False,False,False,False,False,False
2016-04-09,12702,20.656682674644408,41.1,46.9,37.4,8.1,0.0,4,1013,False,True,False,False,False,False
2016-04-10,23229,20.432587139638667,40.5,50.0,33.1,11.5,0.07,4,1014,False,False,True,False,False,False
2016-04-11,32048,14.772181311366287,50.2,61.0,33.1,11.7,0.0,4,1015,True,False,False,False,False,False
2016-04-12,23765,13.984453327722845,53.2,61.0,44.1,10.9,0.04,4,1016,False,False,False,False,True,False
2016-04-13,37539,15.087523642078905,48.4,57.9,42.1,8.8,0.19,4,1017,False,False,False,False,False,True
2016-04-14,38505,16.65142059472796,49.9,61.0,42.1,6.5,0.0,4,1018,False,False,False,True,False,False
2016-04-15,39676,15.26766937191249,50.8,63.0,43.0,5.2,0.0,4,1019,False,False,False,False,False,False
2016-04-16,36148,21.125675002766407,52.6,64.9,44.1,6.7,0.0,4,1020,False,True,False,False,False,False
2016-04-17,38843,24.615982287670874,55.8,73.9,45.0,4.5,0.0,4,1021,False,False,True,False,False,False
2016-04-18,43994,17.210900350047734,62.5,80.1,48.0,4.4,0.0,4,1022,True,False,False,False,False,False
2016-04-19,46075,15.246389943931993,65.5,80.1,48.9,8.6,0.0,4,1023,False,False,False,False,True,False
2016-04-20,44547,17.056459095636818,58.8,69.1,51.1,10.7,0.0,4,1024,False,False,False,False,False,True
2016-04-21,45570,15.988536317752908,58.8,70.0,50.0,8.2,0.0,4,1025,False,False,False,True,False,False
2016-04-22,48815,19.96650756256615,70.0,78.1,50.0,7.1,0.0,4,1026,False,False,False,False,False,False
2016-04-23,33647,23.983271911314528,66.5,78.1,61.0,8.7,0.14,4,1027,False,True,False,False,False,False
2016-04-24,37866,23.7038557016849,56.5,69.1,48.0,9.7,0.0,4,1028,False,False,True,False,False,False
2016-04-25,42308,17.729564542560905,56.6,68.0,48.0,6.5,0.0,4,1029,True,False,False,False,False,False
2016-04-26,34643,16.306175850821237,54.4,68.0,50.0,9.4,0.19,4,1030,False,False,False,False,True,False
2016-04-27,41931,17.22067404386571,51.1,57.9,46.4,7.9,0.11,4,1031,False,False,False,False,False,True
2016-04-28,37428,15.516839442841368,53.3,60.1,46.9,8.3,0.0,4,1032,False,False,False,True,False,False
2016-04-29,34878,18.542412600110865,52.0,59.0,48.0,7.8,0.0,4,1033,False,False,False,False,False,False
2016-04-30,38258,25.18861109658982,52.8,63.0,46.9,6.2,0.02,4,1034,False,True,False,False,False,False
2016-05-01,10697,14.554683556137237,50.1,63.0,46.9,7.3,0.0,5,1035,False,False,True,False,False,False
2016-05-02,38537,17.375605694959823,50.6,61.0,44.6,6.1,0.15,5,1036,True,False,False,False,False,False
2016-05-03,22858,16.129716073147257,54.5,62.1,45.0,7.3,0.73,5,1037,False,False,False,False,True,False
2016-05-04,31619,13.670899880873318,51.3,55.0,48.9,9.0,0.07,5,1038,False,False,False,False,False,True
2016-05-05,39903,15.95220701868698,51.8,57.9,46.9,11.6,0.02,5,1039,False,False,False,True,False,False
2016-05-06,18860,14.94222781901732,52.2,57.9,46.9,13.0,0.38,5,1040,False,False,False,False,False,False
2016-05-07,31078,20.77149055065748,52.3,57.2,48.2,8.7,0.18,5,1041,False,True,False,False,False,False
2016-05-08,31197,21.021818337233288,55.4,64.9,48.9,9.8,0.07,5,1042,False,False,True,False,False,False
2016-05-09,45724,17.34708942058146,62.9,73.9,48.9,9.9,0.08,5,1043,True,False,False,False,False,False
2016-05-10,44849,15.381039339413,59.1,73.9,51.1,7.6,0.0,5,1044,False,False,False,False,True,False
2016-05-11,51181,16.62300365369962,63.0,73.9,51.1,5.4,0.0,5,1045,False,False,False,False,False,True
2016-05-12,52273,16.9415246239295,66.2,78.1,53.1,5.7,0.0,5,1046,False,False,False,True,False,False
2016-05-13,32391,16.22495446265938,61.6,78.1,55.9,5.7,0.0,5,1047,False,False,False,False,False,False
2016-05-14,42063,23.048131770598072,66.2,73.0,57.9,6.8,0.25,5,1048,False,True,False,False,False,False
2016-05-15,28661,20.68522266029331,56.0,73.0,48.0,15.4,0.0,5,1049,False,False,True,False,False,False
2016-05-16,42787,17.327288272917784,52.8,68.0,44.1,16.9,0.0,5,1050,True,False,False,False,False,False
2016-05-17,43396,15.650359480136414,62.3,68.0,44.1,9.2,0.0,5,1051,False,False,False,False,True,False
2016-05-18,44803,16.130900088535736,59.3,69.1,55.0,7.2,0.0,5,1052,False,False,False,False,False,True
2016-05-19,49182,16.14981700622179,60.9,71.1,55.0,5.3,0.0,5,1053,False,False,False,True,False,False
2016-05-20,52543,18.398681397458585,64.4,78.1,55.9,5.7,0.0,5,1054,False,False,False,False,False,False
2016-05-21,30519,19.7042989613028,62.4,78.1,57.0,6.3,0.0,5,1055,False,True,False,False,False,False
2016-05-22,37802,19.75768036964536,60.7,71.1,54.0,6.5,0.18,5,1056,False,False,True,False,False,False
2016-05-23,48578,15.86535914748789,65.0,77.0,54.0,6.0,0.11,5,1057,True,False,False,False,False,False
2016-05-24,34796,14.567491474115798,65.6,77.0,55.9,5.3,0.26,5,1058,False,False,False,False,True,False
2016-05-25,53439,16.45515603460644,74.4,90.0,60.1,3.9,0.02,5,1059,False,False,False,False,False,True
2016-05-26,52133,15.94689991623987,82.2,91.9,60.1,7.2,0.0,5,1060,False,False,False,True,False,False
2016-05-27,46937,17.443640056529677,76.6,91.9,55.0,7.2,0.0,5,1061,False,False,False,False,False,False
2016-05-28,34222,21.96118432587224,79.9,91.9,66.9,8.4,0.0,5,1062,False,True,False,False,False,False
2016-05-29,36877,24.451472462510512,80.0,91.9,73.0,9.1,0.0,5,1063,False,False,True,False,False,False
2016-05-30,32619,19.59295758095997,73.5,87.1,69.1,6.6,1.53,5,1064,True,False,False,False,False,False
2016-05-31,49756,15.286392595867836,76.7,86.0,69.1,7.5,0.0,5,1065,False,False,False,False,True,False
2016-06-01,54665,18.26995914509589,76.0,84.0,68.0,6.7,0.0,6,1066,False,False,False,False,False,True
2016-06-02,54401,16.113568990766097,68.9,82.9,62.1,9.2,0.0,6,1067,False,False,False,True,False,False
2016-06-03,38975,15.665131922172332,66.3,73.9,62.1,6.3,0.0,6,1068,False,False,False,False,False,False
2016-06-04,40977,21.640899773043408,72.8,82.9,63.0,5.5,0.02,6,1069,False,True,False,False,False,False
2016-06-05,22397,17.383874328407078,69.3,82.9,66.0,7.5,0.27,6,1070,False,False,True,False,False,False
2016-06-06,52149,16.091471872263448,75.1,87.1,66.9,9.1,0.67,6,1071,True,False,False,False,False,False
2016-06-07,51812,15.050389549396536,79.3,87.1,68.0,9.1,0.0,6,1072,False,False,False,False,True,False
2016-06-08,42250,13.55235818540434,64.9,87.1,55.0,13.0,0.01,6,1073,False,False,False,False,False,True
2016-06-09,52905,15.7552358000189,63.6,73.9,55.0,17.1,0.44,6,1074,False,False,False,True,False,False
2016-06-10,53299,16.033148214162868,67.9,78.1,55.9,12.0,0.0,6,1075,False,False,False,False,False,False
2016-06-11,41030,18.50436956698351,74.6,90.0,59.0,7.0,0.0,6,1076,False,True,False,False,False,False
2016-06-12,40637,19.728615957542797,80.2,90.0,64.0,14.0,0.1,6,1077,False,False,True,False,False,False
2016-06-13,49069,15.06731405435883,66.0,86.0,59.0,16.9,0.0,6,1078,True,False,False,False,False,False
2016-06-14,54813,15.48483388977067,69.0,81.0,59.0,11.2,0.0,6,1079,False,False,False,False,True,False
2016-06-15,55049,15.635799620943766,75.3,87.1,60.1,6.2,0.0,6,1080,False,False,False,False,False,True
2016-06-16,46198,14.328816904050685,73.3,87.1,66.0,4.4,0.12,6,1081,False,False,False,True,False,False
2016-06-17,54236,16.921548418024926,71.2,77.0,66.0,6.4,0.0,6,1082,False,False,False,False,False,False
2016-06-18,48901,20.863376345405342,73.0,86.0,63.0,5.3,0.0,6,1083,False,True,False,False,False,False
2016-06-19,45270,21.224787570871072,75.1,86.0,63.0,7.5,0.0,6,1084,False,False,True,False,False,False
2016-06-20,52247,15.858149431227314,73.4,84.0,66.0,6.9,0.0,6,1085,True,False,False,False,False,False
2016-06-21,53564,14.2659513230279,80.8,89.1,66.0,10.0,0.0,6,1086,False,False,False,False,True,False
2016-06-22,55749,15.746382894760448,77.9,89.1,66.9,8.8,0.0,6,1087,False,False,False,False,False,True
2016-06-23,53206,14.599842749564582,74.3,86.0,66.9,6.8,0.0,6,1088,False,False,False,True,False,False
2016-06-24,54186,15.930940648876092,74.7,84.9,68.0,8.7,0.0,6,1089,False,False,False,False,False,False
2016-06-25,43000,20.47097286821707,73.3,84.9,64.9,8.0,0.0,6,1090,False,True,False,False,False,False
2016-06-26,42992,19.894191555017983,75.8,86.0,64.9,7.5,0.0,6,1091,False,False,True,False,False,False
2016-06-27,47023,14.955021656069016,75.7,86.0,69.1,9.9,0.0,6,1092,True,False,False,False,False,False
2016-06-28,49593,14.705213101311342,72.6,84.0,69.1,9.3,0.54,6,1093,False,False,False,False,True,False
2016-06-29,54882,14.842684304507852,75.7,87.1,70.0,5.5,0.07,6,1094,False,False,False,False,False,True
2016-06-30,54843,14.29440402603796,77.6,87.1,70.0,6.9,0.0,6,1095,False,False,False,True,False,False
2016-07-01,39669,17.03590839194333,76.9,87.1,70.0,8.4,0.0,7,1096,False,False,False,False,False,False
2016-07-02,35837,20.688649533536104,72.9,81.0,68.0,11.5,0.28,7,1097,False,True,False,False,False,False
2016-07-03,35348,23.127338180377965,75.4,82.0,68.0,7.3,0.0,7,1098,False,False,True,False,False,False
2016-07-04,34860,20.668269745649265,76.7,86.0,69.1,7.8,0.0,7,1099,True,False,False,False,False,False
2016-07-05,43744,14.842111299073396,76.0,89.1,69.1,6.3,1.08,7,1100,False,False,False,False,True,False
2016-07-06,51353,14.844884102843716,85.8,96.1,69.1,5.3,0.57,7,1101,False,False,False,False,False,True
2016-07-07,48742,14.107261704484838,85.1,96.1,77.0,7.3,0.0,7,1102,False,False,False,True,False,False
2016-07-08,44419,16.50200477273239,78.8,93.0,73.9,6.5,0.02,7,1103,False,False,False,False,False,False
2016-07-09,38142,17.583796951741746,70.3,86.0,66.0,9.0,0.01,7,1104,False,True,False,False,False,False
2016-07-10,41991,20.965287799766617,73.0,81.0,66.9,7.0,0.41,7,1105,False,False,True,False,False,False
2016-07-11,52870,15.01155917029191,74.5,82.0,68.5,8.7,0.0,7,1106,True,False,False,False,False,False
2016-07-12,56537,16.041030062908657,76.6,84.0,69.1,8.1,0.0,7,1107,False,False,False,False,True,False
2016-07-13,55486,16.676759302646914,78.1,86.0,71.1,8.8,0.0,7,1108,False,False,False,False,False,True
2016-07-14,50350,15.634059582919567,80.4,91.0,73.0,7.8,0.0,7,1109,False,False,False,True,False,False
2016-07-15,48572,15.1019551730764,86.6,91.9,75.0,6.4,0.5,7,1110,False,False,False,False,False,False
2016-07-16,38406,18.12658699161589,84.1,91.9,77.0,8.0,0.0,7,1111,False,True,False,False,False,False
2016-07-17,41347,20.469013068259688,83.1,93.0,77.0,5.1,0.0,7,1112,False,False,True,False,False,False
2016-07-18,43687,15.443204690945436,86.3,97.0,77.0,8.5,0.0,7,1113,True,False,False,False,False,False
2016-07-19,54593,15.406976474395377,80.2,97.0,75.9,10.9,0.12,7,1114,False,False,False,False,True,False
2016-07-20,57225,15.27081957186544,77.9,88.0,71.1,7.2,0.0,7,1115,False,False,False,False,False,True
2016-07-21,54842,15.428570560276189,80.9,91.0,71.1,8.3,0.0,7,1116,False,False,False,True,False,False
2016-07-22,49191,15.723654394774114,85.1,98.1,75.0,11.3,0.0,7,1117,False,False,False,False,False,False
2016-07-23,37523,18.093327647931496,89.5,99.0,75.9,11.0,0.0,7,1118,False,True,False,False,False,False
2016-07-24,39637,21.14364734969852,85.2,99.0,75.9,7.0,0.0,7,1119,False,False,True,False,False,False
2016-07-25,35379,14.396699077607249,84.3,93.9,75.9,8.2,0.02,7,1120,True,False,False,False,False,False
2016-07-26,52912,15.439079666868258,81.7,93.9,75.0,8.3,0.77,7,1121,False,False,False,False,True,False
2016-07-27,54163,15.903475004461844,84.5,93.9,75.0,6.6,0.0,7,1122,False,False,False,False,False,True
2016-07-28,50151,14.930211428153644,84.7,93.9,77.0,6.1,0.0,7,1123,False,False,False,True,False,False
2016-07-29,37703,15.571842205306384,78.1,93.9,71.1,8.3,0.89,7,1124,False,False,False,False,False,False
2016-07-30,27780,17.541447684185265,78.4,84.9,71.1,7.2,0.13,7,1125,False,True,False,False,False,False
2016-07-31,27651,16.08520547780068,77.7,84.0,75.0,8.1,0.18,7,1126,False,False,True,False,False,False
2016-08-01,49401,15.414388710080097,74.2,82.9,71.1,10.4,0.57,8,1127,True,False,False,False,False,False
2016-08-02,56764,14.986372231226362,74.2,80.1,71.1,10.5,0.0,8,1128,False,False,False,False,True,False
2016-08-03,57003,15.262554017624804,74.2,81.0,68.0,7.5,0.0,8,1129,False,False,False,False,False,True
2016-08-04,56604,16.344651143617646,75.6,84.0,68.0,5.9,0.0,8,1130,False,False,False,True,False,False
2016-08-05,53297,16.13703210312025,77.4,86.0,70.0,8.1,0.0,8,1131,False,False,False,False,False,False
2016-08-06,44213,19.816802750322303,80.8,91.0,72.0,8.8,0.0,8,1132,False,True,False,False,False,False
2016-08-07,43631,19.05328894593293,81.5,91.0,73.9,9.2,0.0,8,1133,False,False,True,False,False,False
2016-08-08,52262,15.647659229778164,80.8,89.1,73.9,7.1,0.0,8,1134,True,False,False,False,False,False
2016-08-09,56112,14.844586125368314,80.8,89.1,75.0,6.5,0.0,8,1135,False,False,False,False,True,False
2016-08-10,50114,14.844030942783789,81.5,89.1,75.0,9.3,0.01,8,1136,False,False,False,False,False,True
2016-08-11,47430,14.217371565113504,86.8,97.0,75.9,7.2,0.05,8,1137,False,False,False,True,False,False
2016-08-12,44750,16.51998696461825,86.5,98.1,75.9,7.9,0.56,8,1138,False,False,False,False,False,False
2016-08-13,38912,18.48750856633772,89.2,98.1,75.9,7.0,0.07,8,1139,False,True,False,False,False,False
2016-08-14,32961,17.395388489426903,90.7,97.0,82.0,8.6,0.0,8,1140,False,False,True,False,False,False
2016-08-15,49063,14.420397244359291,84.6,98.1,78.1,5.6,0.01,8,1141,True,False,False,False,False,False
2016-08-16,50426,14.790182643874193,84.9,93.0,78.1,9.0,0.0,8,1142,False,False,False,False,True,False
2016-08-17,53989,15.48058678619719,82.8,91.0,78.1,11.7,0.13,8,1143,False,False,False,False,False,True
2016-08-18,53218,15.552684242173704,80.3,88.0,75.0,5.4,0.02,8,1144,False,False,False,True,False,False
2016-08-19,51669,16.083249143587064,81.6,89.1,75.0,6.6,0.0,8,1145,False,False,False,False,False,False
2016-08-20,45817,21.147449636597766,79.0,89.1,75.0,6.3,0.02,8,1146,False,True,False,False,False,False
2016-08-21,35051,20.343998269188702,80.7,89.1,75.0,9.7,0.12,8,1147,False,False,True,False,False,False
2016-08-22,54404,15.145024569271866,76.0,89.1,71.1,15.1,0.13,8,1148,True,False,False,False,False,False
2016-08-23,58674,16.090486416470668,74.3,84.0,66.9,6.4,0.0,8,1149,False,False,False,False,True,False
2016-08-24,58154,15.984386571287732,78.6,89.1,66.9,6.4,0.0,8,1150,False,False,False,False,False,True
2016-08-25,53487,16.079057216395256,78.6,89.1,71.1,10.6,0.0,8,1151,False,False,False,True,False,False
2016-08-26,52037,16.261287481343405,83.6,91.0,73.0,8.7,0.01,8,1152,False,False,False,False,False,False
2016-08-27,45674,19.99636226299426,82.4,91.0,75.9,8.2,0.0,8,1153,False,True,False,False,False,False
2016-08-28,44639,19.585727353510016,80.7,89.1,73.9,6.3,0.0,8,1154,False,False,True,False,False,False
2016-08-29,53288,15.80771968673373,82.1,91.0,73.9,8.6,0.0,8,1155,True,False,False,False,False,False
2016-08-30,57405,15.320482246029671,79.0,91.0,72.0,9.0,0.0,8,1156,False,False,False,False,True,False
2016-08-31,57214,14.513126157933376,80.5,90.0,72.0,7.5,0.0,8,1157,False,False,False,False,False,True
2016-09-01,38187,13.335008423459984,76.9,90.0,73.0,5.6,0.03,9,1158,False,False,False,True,False,False
2016-09-02,53007,16.309208217782558,75.0,82.9,68.0,9.2,0.31,9,1159,False,False,False,False,False,False
2016-09-03,41630,19.121974137240773,73.5,82.9,68.0,10.8,0.0,9,1160,False,True,False,False,False,False
2016-09-04,46023,21.00148874837944,72.1,81.0,66.0,9.5,0.0,9,1161,False,False,True,False,False,False
2016-09-05,45436,19.362901663878866,73.8,84.0,66.0,10.8,0.0,9,1162,True,False,False,False,False,False
2016-09-06,52447,14.600942221035844,77.8,84.0,66.9,15.2,0.0,9,1163,False,False,False,False,True,False
2016-09-07,60500,15.659115977961433,77.2,86.0,71.6,11.2,0.01,9,1164,False,False,False,False,False,True
2016-09-08,61596,14.53753896356906,79.0,88.0,72.0,6.0,0.0,9,1165,False,False,False,True,False,False
2016-09-09,56813,14.743081982410128,86.5,93.0,73.0,7.5,0.0,9,1166,False,False,False,False,False,False
2016-09-10,48455,17.35795755511987,82.2,93.0,75.9,7.1,0.05,9,1167,False,True,False,False,False,False
2016-09-11,52245,19.226808626024827,80.6,91.0,75.9,11.5,0.0,9,1168,False,False,True,False,False,False
2016-09-12,61103,16.013179112864073,71.3,84.0,64.0,8.2,0.0,9,1169,True,False,False,False,False,False
2016-09-13,64839,15.12418169106042,73.2,82.0,64.0,7.7,0.0,9,1170,False,False,False,False,True,False
2016-09-14,59203,14.4035823072029,78.0,91.9,68.0,8.5,0.0,9,1171,False,False,False,False,False,True
2016-09-15,67331,15.071359403543685,70.4,91.9,63.0,10.3,0.37,9,1172,False,False,False,True,False,False
2016-09-16,65275,15.404889825098936,68.5,75.0,63.0,6.4,0.0,9,1173,False,False,False,False,False,False
2016-09-17,59200,19.25459966216216,69.2,78.1,64.0,6.3,0.0,9,1174,False,True,False,False,False,False
2016-09-18,51686,17.32267312876472,76.3,84.9,64.0,8.8,0.0,9,1175,False,False,True,False,False,False
2016-09-19,34217,13.569371949615691,75.2,84.9,72.0,5.9,0.31,9,1176,True,False,False,False,False,False
2016-09-20,64891,14.961962881344617,75.4,84.0,71.1,5.1,0.47,9,1177,False,False,False,False,True,False
2016-09-21,65463,14.889102240960542,77.6,84.9,71.1,4.0,0.0,9,1178,False,False,False,False,False,True
2016-09-22,67810,14.726635697783022,76.8,86.0,70.0,5.8,0.0,9,1179,False,False,False,True,False,False
2016-09-23,65517,15.437967245142485,77.2,89.1,69.1,4.3,0.0,9,1180,False,False,False,False,False,False
2016-09-24,53259,17.90572078584528,68.5,89.1,59.0,9.5,0.44,9,1181,False,True,False,False,False,False
2016-09-25,53568,18.010823626045394,64.2,72.0,57.9,6.8,0.2,9,1182,False,False,True,False,False,False
2016-09-26,61386,14.318692644359738,65.6,73.0,57.0,7.2,0.0,9,1183,True,False,False,False,False,False
2016-09-27,61346,14.143505960725507,70.5,75.9,57.0,8.4,0.15,9,1184,False,False,False,False,True,False
2016-09-28,59464,13.587116574734292,67.6,75.9,62.1,10.8,0.0,9,1185,False,False,False,False,False,True
2016-09-29,55578,12.945873966917366,63.2,71.1,60.1,18.2,0.0,9,1186,False,False,False,True,False,False
2016-09-30,21381,11.513554869588262,62.1,66.9,60.1,21.8,0.0,9,1187,False,False,False,False,False,False
2017-04-01,23849,18.60382825275693,42.2,48.0,39.0,17.2,1.78,4,1370,False,True,False,False,False,False
2017-04-02,39780,23.513796715267297,50.6,63.0,39.0,9.7,0.01,4,1371,False,False,True,False,False,False
2017-04-03,43485,18.119450768464223,56.4,63.0,43.0,7.0,0.0,4,1372,True,False,False,False,False,False
2017-04-04,29991,16.879809498405077,50.1,63.0,45.0,11.3,1.6,4,1373,False,False,False,False,True,False
2017-04-05,47636,19.631894295630754,51.7,63.0,45.0,5.4,0.03,4,1374,False,False,False,False,False,True
2017-04-06,18020,16.070371809100994,46.0,53.1,42.8,12.1,0.02,4,1375,False,False,False,True,False,False
2017-04-07,35779,12.251440789289807,50.1,54.0,43.0,13.2,0.83,4,1376,False,False,False,False,False,False
2017-04-08,35936,19.26489499851589,47.4,57.9,42.1,16.0,0.0,4,1377,False,True,False,False,False,False
2017-04-09,43896,23.29974523115242,54.4,68.0,42.1,8.8,0.0,4,1378,False,False,True,False,False,False
2017-04-10,50424,21.018310063990704,61.3,73.0,46.0,7.6,0.0,4,1379,True,False,False,False,False,False
2017-04-11,57310,23.409557959634743,67.4,78.1,52.0,7.9,0.0,4,1380,False,False,False,False,True,False
2017-04-12,51188,14.593362376598687,63.9,78.1,54.0,4.3,0.0,4,1381,False,False,False,False,False,True
2017-04-13,52915,15.516411540520968,58.5,77.0,50.0,9.8,0.03,4,1382,False,False,False,True,False,False
2017-04-14,52232,19.17545821207944,57.2,66.0,50.0,7.1,0.0,4,1383,False,False,False,False,False,False
2017-04-15,42531,19.46838306176672,57.2,66.0,50.0,8.4,0.0,4,1384,False,True,False,False,False,False
2017-04-16,48140,30.834774269491767,70.8,88.0,52.0,9.5,0.0,4,1385,False,False,True,False,False,False
2017-04-17,53247,15.313219524104648,70.9,88.0,60.1,12.2,0.0,4,1386,True,False,False,False,False,False
2017-04-18,53809,14.69761873788152,59.2,73.0,51.1,10.2,0.0,4,1387,False,False,False,False,True,False
2017-04-19,45787,12.659509613354588,50.0,64.9,46.0,11.0,0.0,4,1388,False,False,False,False,False,True
2017-04-20,44264,19.711147885414775,54.4,66.0,46.0,6.7,0.19,4,1389,False,False,False,True,False,False
2017-04-21,39868,13.169335891776194,52.3,66.0,48.9,11.2,0.3,4,1390,False,False,False,False,False,False
2017-04-22,34596,16.986248410220835,51.8,55.9,48.0,6.9,0.02,4,1391,False,True,False,False,False,False
2017-04-23,49107,20.69660367496828,54.7,64.9,48.0,7.0,0.07,4,1392,False,False,True,False,False,False
2017-04-24,48692,14.031161860949096,53.5,64.9,48.0,6.0,0.0,4,1393,True,False,False,False,False,False
2017-04-25,20332,11.593425798413012,52.8,59.0,48.0,16.3,0.07,4,1394,False,False,False,False,True,False
2017-04-26,37727,12.711058834963463,55.2,62.1,50.0,11.9,0.73,4,1395,False,False,False,False,False,True
2017-04-27,52035,14.989963486115109,62.0,69.1,53.1,5.1,0.13,4,1396,False,False,False,True,False,False
2017-04-28,62199,16.742810173797007,66.6,84.9,55.0,5.9,0.01,4,1397,False,False,False,False,False,False
2017-04-29,57701,22.421804936945065,76.9,88.0,55.0,8.8,0.06,4,1398,False,True,False,False,False,False
2017-04-30,42928,17.934724422288475,64.7,88.0,55.9,10.1,0.0,4,1399,False,False,True,False,False,False
2017-05-01,56218,15.693653574774393,55.9,73.0,50.0,9.3,0.0,5,1400,True,False,False,False,False,False
2017-05-02,61207,17.978807979479477,70.5,78.1,50.0,12.9,0.0,5,1401,False,False,False,False,True,False
2017-05-03,59252,17.574413240621976,64.3,78.1,61.0,14.1,0.0,5,1402,False,False,False,False,False,True
2017-05-04,57429,16.83536424686715,57.7,66.9,51.1,8.9,0.0,5,1403,False,False,False,True,False,False
2017-05-05,24009,12.92858025462674,56.0,66.0,51.1,11.4,0.01,5,1404,False,False,False,False,False,False
2017-05-06,46618,17.84192479299841,62.4,66.9,53.1,13.8,2.31,5,1405,False,True,False,False,False,False
2017-05-07,34293,15.373477094450765,56.1,66.9,53.1,12.2,0.01,5,1406,False,False,True,False,False,False
2017-05-08,51553,14.05776256150628,53.4,62.1,48.0,12.5,0.0,5,1407,True,False,False,False,False,False
2017-05-09,56461,13.922706528990512,55.6,64.0,48.0,9.2,0.0,5,1408,False,False,False,False,True,False
2017-05-10,58454,15.490982938150802,56.8,64.9,48.9,6.2,0.0,5,1409,False,False,False,False,False,True
2017-05-11,57208,13.885394525241225,57.1,64.9,52.0,6.4,0.0,5,1410,False,False,False,True,False,False
2017-05-12,56675,14.965937068078226,56.5,64.0,52.0,6.9,0.0,5,1411,False,False,False,False,False,False
2017-05-13,5704,19.468972066386165,53.2,55.9,48.0,11.1,0.13,5,1412,False,True,False,False,False,False
2017-05-14,38729,17.56719770714452,55.4,70.0,46.9,13.4,1.61,5,1413,False,False,True,False,False,False
2017-05-15,54715,14.220029547046812,61.7,70.0,46.9,17.8,0.01,5,1414,True,False,False,False,False,False
2017-05-16,64504,15.439990026458307,68.8,82.9,54.0,10.3,0.0,5,1415,False,False,False,False,True,False
2017-05-17,65794,17.138806476781053,79.2,93.9,59.0,6.8,0.0,5,1416,False,False,False,False,False,True
2017-05-18,63753,15.253955892271737,88.1,97.0,66.0,10.1,0.0,5,1417,False,False,False,True,False,False
2017-05-19,62143,15.827023156268613,87.9,97.0,80.1,11.0,0.0,5,1418,False,False,False,False,False,False
2017-05-20,47859,18.145077205959176,67.3,96.1,61.0,10.9,0.01,5,1419,False,True,False,False,False,False
2017-05-21,54874,21.245994763761832,62.4,71.1,57.0,7.9,0.0,5,1420,False,False,True,False,False,False
2017-05-22,24627,12.423489124402757,59.8,71.1,57.0,7.5,0.11,5,1421,True,False,False,False,False,False
2017-05-23,60032,15.906232786958071,63.4,70.0,57.0,4.9,0.53,5,1422,False,False,False,False,True,False
2017-05-24,60622,16.644185279271547,62.8,70.0,57.0,7.4,0.03,5,1423,False,False,False,False,False,True
2017-05-25,17495,11.630573497189674,58.4,69.1,55.9,11.7,0.1,5,1424,False,False,False,True,False,False
2017-05-26,53768,17.63370654168526,63.5,75.9,55.9,11.1,0.89,5,1425,False,False,False,False,False,False
2017-05-27,46534,20.08462092233636,67.4,75.9,57.0,8.0,0.12,5,1426,False,True,False,False,False,False
2017-05-28,46727,24.94769119923528,64.5,72.0,57.9,6.8,0.0,5,1427,False,False,True,False,False,False
2017-05-29,26322,15.230585315198947,59.1,71.1,55.9,9.5,0.13,5,1428,True,False,False,False,False,False
2017-05-30,50194,14.597552164269304,58.3,64.0,55.0,7.6,0.03,5,1429,False,False,False,False,True,False
2017-05-31,59495,15.22211978597641,63.1,78.1,55.0,6.6,0.08,5,1430,False,False,False,False,False,True
2017-06-01,67403,15.789940111468828,69.4,82.0,57.9,6.9,0.05,6,1431,False,False,False,True,False,False
2017-06-02,66907,16.272086378605124,70.6,82.0,60.1,8.8,0.0,6,1432,False,False,False,False,False,False
2017-06-03,56264,19.403297549646904,66.1,79.0,59.0,9.2,0.0,6,1433,False,True,False,False,False,False
2017-06-04,40138,17.706767070274218,66.0,73.9,59.0,6.3,0.0,6,1434,False,False,True,False,False,False
2017-06-05,55883,15.639769995645668,61.8,71.1,59.0,7.9,0.06,6,1435,True,False,False,False,False,False
2017-06-06,41268,12.379238554489351,58.0,66.9,55.0,11.5,0.02,6,1436,False,False,False,False,True,False
2017-06-07,64453,15.883515119544471,58.6,70.0,52.0,8.0,0.03,6,1437,False,False,False,False,False,True
2017-06-08,62653,15.590405620374655,63.9,71.1,52.0,5.4,0.0,6,1438,False,False,False,True,False,False
2017-06-09,66506,19.4869731051835,66.7,82.9,55.9,7.2,0.0,6,1439,False,False,False,False,False,False
2017-06-10,57087,21.40779103240083,78.1,88.0,55.9,7.6,0.0,6,1440,False,True,False,False,False,False
2017-06-11,51427,20.406840116410965,83.7,93.9,66.9,9.0,0.0,6,1441,False,False,True,False,False,False
2017-06-12,57871,15.694316669834633,86.7,96.1,75.0,8.5,0.0,6,1442,True,False,False,False,False,False
2017-06-13,60921,15.213903798908971,89.7,100.9,75.9,8.5,0.0,6,1443,False,False,False,False,True,False
2017-06-14,60513,17.42349963368753,78.8,93.9,71.6,7.8,0.48,6,1444,False,False,False,False,False,True
2017-06-15,64763,18.41413950352311,70.7,82.9,64.0,8.1,0.02,6,1445,False,False,False,True,False,False
2017-06-16,56403,16.59472368491038,65.6,75.9,63.0,9.1,0.0,6,1446,False,False,False,False,False,False
2017-06-17,34900,18.477302769818536,67.0,73.9,63.0,7.0,0.0,6,1447,False,True,False,False,False,False
2017-06-18,49472,22.722582807783525,75.3,84.0,64.0,8.8,1.26,6,1448,False,False,True,False,False,False
2017-06-19,38310,16.131654920386318,78.5,87.1,70.0,11.1,0.0,6,1449,True,False,False,False,False,False
2017-06-20,64673,17.394913127064875,76.9,87.1,70.0,11.0,1.23,6,1450,False,False,False,False,True,False
2017-06-21,67218,17.4487094230712,80.3,87.1,70.0,8.7,0.01,6,1451,False,False,False,False,False,True
2017-06-22,66308,17.513423719611513,77.1,87.1,68.0,7.6,0.0,6,1452,False,False,False,True,False,False
2017-06-23,55323,16.40121860106406,81.2,87.1,68.0,9.3,0.0,6,1453,False,False,False,False,False,False
2017-06-24,52153,20.70580375689478,79.5,87.1,70.0,10.0,0.96,6,1454,False,True,False,False,False,False
2017-06-25,54655,23.20370200957522,78.2,86.0,70.0,7.1,0.18,6,1455,False,False,True,False,False,False
2017-06-26,62669,20.131003366895907,74.0,84.0,66.9,9.0,0.0,6,1456,True,False,False,False,False,False
2017-06-27,64767,16.471872764422205,71.2,81.0,62.1,7.7,0.16,6,1457,False,False,False,False,True,False
2017-06-28,67752,19.712283032235213,71.5,81.0,62.1,10.1,0.0,6,1458,False,False,False,False,False,True
2017-06-29,64272,17.41458800099577,76.2,82.9,64.0,10.9,0.0,6,1459,False,False,False,True,False,False
2017-06-30,58662,19.612318025297466,80.2,89.1,69.1,11.7,0.0,6,1460,False,False,False,False,False,False
2017-07-01,36737,23.0839113155674,79.0,89.1,73.9,9.4,0.0,7,1461,False,True,False,False,False,False
2017-07-02,43036,26.901029370759368,79.8,91.0,73.0,7.4,0.07,7,1462,False,False,True,False,False,False
2017-07-03,48193,21.414255873951262,83.3,91.0,73.0,7.2,0.0,7,1463,True,False,False,False,False,False
2017-07-04,49924,25.36059744144432,77.8,90.0,70.0,4.2,0.12,7,1464,False,False,False,False,True,False
2017-07-05,60321,18.006270895155364,76.7,87.1,70.0,7.6,0.0,7,1465,False,False,False,False,False,True
2017-07-06,62147,17.6938106425089,74.5,84.9,69.1,7.1,0.0,7,1466,False,False,False,True,False,False
2017-07-07,44068,15.80318409427854,72.4,82.0,68.0,8.4,0.01,7,1467,False,False,False,False,False,False
2017-07-08,55015,20.278051137568536,78.5,87.1,68.0,7.5,2.13,7,1468,False,True,False,False,False,False
2017-07-09,57118,20.39753813742312,76.3,87.1,70.0,8.5,0.0,7,1469,False,False,True,False,False,False
2017-07-10,60907,16.566612759343478,78.7,88.0,70.0,8.0,0.0,7,1470,True,False,False,False,False,False
2017-07-11,61671,15.852646841032788,80.5,89.1,72.0,8.5,0.0,7,1471,False,False,False,False,True,False
2017-07-12,61786,15.48833770325532,84.2,91.0,75.0,9.1,0.0,7,1472,False,False,False,False,False,True
2017-07-13,56475,17.332392208942007,86.0,93.9,78.1,9.1,0.0,7,1473,False,False,False,True,False,False
2017-07-14,31851,16.518075308990817,69.8,93.9,64.9,8.4,0.01,7,1474,False,False,False,False,False,False
2017-07-15,56499,18.99550464020012,73.7,86.0,64.9,6.9,0.47,7,1475,False,True,False,False,False,False
2017-07-16,56833,21.489525158505323,78.0,86.0,66.9,6.6,0.01,7,1476,False,False,True,False,False,False
2017-07-17,62555,16.636904857059125,80.1,87.1,71.1,7.2,0.0,7,1477,True,False,False,False,False,False
2017-07-18,66234,16.656136073114517,80.5,88.0,75.0,7.9,0.0,7,1478,False,False,False,False,True,False
2017-07-19,63915,16.21775509139743,84.8,93.9,75.9,7.6,0.0,7,1479,False,False,False,False,False,True
2017-07-20,59663,15.186770136712314,87.2,98.1,77.0,5.0,0.0,7,1480,False,False,False,True,False,False
2017-07-21,60072,15.763409741643365,84.4,98.1,77.0,8.7,0.0,7,1481,False,False,False,False,False,False
2017-07-22,48011,18.96934383092763,85.3,93.9,77.0,7.5,0.0,7,1482,False,True,False,False,False,False
2017-07-23,46942,17.480288796103,76.4,91.0,72.0,5.4,0.6,7,1483,False,False,True,False,False,False
2017-07-24,43792,15.0221745219827,70.2,80.1,64.0,11.1,0.46,7,1484,True,False,False,False,False,False
2017-07-25,65336,14.88279228398841,65.8,73.0,62.1,9.1,0.45,7,1485,False,False,False,False,True,False
2017-07-26,70323,16.075239964165352,70.5,78.1,62.1,7.5,0.0,7,1486,False,False,False,False,False,True
2017-07-27,65769,14.640754762882208,72.2,78.1,64.9,7.9,0.0,7,1487,False,False,False,True,False,False
2017-07-28,63899,15.266647887030055,76.9,84.0,66.9,5.8,0.0,7,1488,False,False,False,False,False,False
2017-07-29,52947,17.36374015524959,73.3,84.0,68.0,13.2,0.0,7,1489,False,True,False,False,False,False
2017-07-30,59342,19.02969734757844,72.9,82.0,66.0,7.0,0.0,7,1490,False,False,True,False,False,False
2017-07-31,64218,14.69978225212038,77.7,89.1,66.0,5.3,0.0,7,1491,True,False,False,False,False,False
2017-08-01,66677,17.666347716104003,81.3,91.0,70.0,5.1,0.0,8,1492,False,False,False,False,True,False
2017-08-02,56184,20.026276164032463,79.6,91.0,69.1,6.1,0.0,8,1493,False,False,False,False,False,True
2017-08-03,66149,19.15788220532435,76.2,88.0,69.1,6.2,0.08,8,1494,False,False,False,True,False,False
2017-08-04,56394,18.536455414878663,78.1,87.1,70.0,10.0,0.1,8,1495,False,False,False,False,False,False
2017-08-05,58971,24.41991006879088,76.3,84.9,70.0,10.0,0.82,8,1496,False,True,False,False,False,False
2017-08-06,56476,22.546589996930848,72.0,80.1,66.0,10.9,0.16,8,1497,False,False,True,False,False,False
2017-08-07,23395,12.287061337892712,70.2,78.1,66.0,5.8,0.0,8,1498,True,False,False,False,False,False
2017-08-08,65233,18.12300497192117,70.3,80.1,64.9,7.1,0.43,8,1499,False,False,False,False,True,False
2017-08-09,67884,21.83238416514446,76.5,84.9,64.9,5.2,0.0,8,1500,False,False,False,False,False,True
2017-08-10,66249,16.36331290535203,77.5,86.0,68.0,6.0,0.0,8,1501,False,False,False,True,False,False
2017-08-11,63140,19.479002481258583,75.9,86.0,71.1,7.7,0.0,8,1502,False,False,False,False,False,False
2017-08-12,60540,23.13261452483206,71.8,82.0,64.9,5.9,0.17,8,1503,False,True,False,False,False,False
2017-08-13,57518,21.7524913939984,76.8,84.9,64.9,8.0,0.16,8,1504,False,False,True,False,False,False
2017-08-14,61482,23.30200654934236,76.6,84.9,71.1,5.8,0.0,8,1505,True,False,False,False,False,False
2017-08-15,52461,15.563273034571717,73.2,77.0,69.1,5.3,0.32,8,1506,False,False,False,False,True,False
2017-08-16,68436,17.91615645761489,76.8,86.0,69.1,4.8,0.12,8,1507,False,False,False,False,False,True
2017-08-17,66656,17.59180243839015,76.4,86.0,70.0,7.0,0.0,8,1508,False,False,False,True,False,False
2017-08-18,36620,17.11995039140725,77.3,82.9,70.0,7.7,0.01,8,1509,False,False,False,False,False,False
2017-08-19,62442,24.200790600343783,80.1,89.1,73.0,7.5,0.9,8,1510,False,True,False,False,False,False
2017-08-20,55442,20.311299496170175,78.7,89.1,71.1,10.4,0.0,8,1511,False,False,True,False,False,False
2017-08-21,61059,18.41159152076953,80.8,88.0,71.1,6.7,0.0,8,1512,True,False,False,False,False,False
2017-08-22,60541,19.6897898393926,81.5,91.0,75.0,8.6,0.0,8,1513,False,False,False,False,True,False
2017-08-23,65070,20.25781414886533,78.2,84.0,73.4,11.1,0.25,8,1514,False,False,False,False,False,True
2017-08-24,66307,19.99828223264512,75.2,82.0,69.1,6.8,0.02,8,1515,False,False,False,True,False,False
2017-08-25,64217,16.98689365744274,72.3,81.0,66.0,6.0,0.0,8,1516,False,False,False,False,False,False
2017-08-26,50109,19.13669001576563,71.0,78.1,64.0,5.7,0.0,8,1517,False,True,False,False,False,False
2017-08-27,54598,22.60333742383724,70.2,77.0,64.0,7.1,0.0,8,1518,False,False,True,False,False,False
2017-08-28,60886,16.823883706161237,69.8,77.0,64.0,9.3,0.0,8,1519,True,False,False,False,False,False
2017-08-29,35152,14.879735150204825,66.5,75.0,64.0,11.6,0.0,8,1520,False,False,False,False,True,False
2017-08-30,65329,16.343364100680144,67.5,80.1,61.0,10.6,0.32,8,1521,False,False,False,False,False,True
2017-08-31,64881,15.472770148425578,74.0,82.0,61.0,9.8,0.01,8,1522,False,False,False,True,False,False
2017-09-01,54881,16.89548720565102,65.4,82.0,55.9,10.7,0.0,9,1523,False,False,False,False,False,False
2017-09-02,37812,21.403479935822848,63.2,72.0,55.9,7.9,0.0,9,1524,False,True,False,False,False,False
2017-09-03,30955,20.100291283045287,62.6,72.0,55.9,9.8,0.79,9,1525,False,False,True,False,False,False
2017-09-04,55285,22.74168038346748,71.3,82.0,59.0,11.2,0.4,9,1526,True,False,False,False,False,False
2017-09-05,65445,17.344608959176917,76.4,84.9,64.0,8.8,0.0,9,1527,False,False,False,False,True,False
2017-09-06,42295,13.882774953698233,69.9,84.9,62.1,7.0,0.0,9,1528,False,False,False,False,False,True
2017-09-07,69519,16.86566478228973,65.4,73.0,60.8,8.3,0.44,9,1529,False,False,False,True,False,False
2017-09-08,69574,15.89344918120754,67.5,75.0,61.0,10.6,0.0,9,1530,False,False,False,False,False,False
2017-09-09,60155,18.96770592635692,63.7,73.0,57.9,9.1,0.0,9,1531,False,True,False,False,False,False
2017-09-10,60711,18.79330022565928,65.0,73.0,59.0,9.7,0.0,9,1532,False,False,True,False,False,False
2017-09-11,71917,16.345572674054814,67.7,78.1,59.0,5.1,0.0,9,1533,True,False,False,False,False,False
2017-09-12,74580,15.460779476177702,71.9,82.0,59.0,2.9,0.0,9,1534,False,False,False,False,True,False
2017-09-13,69566,16.056317022683494,74.0,84.0,63.0,4.9,0.0,9,1535,False,False,False,False,False,True
2017-09-14,72071,14.61505737397844,75.1,84.0,66.9,7.0,0.02,9,1536,False,False,False,True,False,False
2017-09-15,72297,17.247020392731834,76.6,82.9,70.0,6.3,0.0,9,1537,False,False,False,False,False,False
2017-09-16,61036,18.35468794372721,74.2,82.0,69.1,5.8,0.0,9,1538,False,True,False,False,False,False
2017-09-17,59967,18.680991767694454,72.8,81.0,69.1,5.1,0.0,9,1539,False,False,True,False,False,False
2017-09-18,64130,14.658271479806649,70.6,81.0,68.0,8.7,0.0,9,1540,True,False,False,False,False,False
2017-09-19,57910,13.970031658320382,72.3,78.1,68.0,13.7,0.0,9,1541,False,False,False,False,True,False
2017-09-20,71150,15.325442492386976,73.9,78.1,69.1,13.3,0.19,9,1542,False,False,False,False,False,True
2017-09-21,67742,15.094857449342108,75.8,79.0,71.1,10.2,0.0,9,1543,False,False,False,True,False,False
2017-09-22,70127,17.240455411848025,73.8,81.0,68.0,11.5,0.0,9,1544,False,False,False,False,False,False
2017-09-23,62687,21.878944331892324,76.5,86.0,68.0,10.0,0.0,9,1545,False,True,False,False,False,False
2017-09-24,57458,18.53683038045181,79.5,91.0,70.0,3.5,0.0,9,1546,False,False,True,False,False,False
2017-09-25,69200,14.692419315992291,77.5,91.0,71.1,5.5,0.0,9,1547,True,False,False,False,False,False
2017-09-26,71518,14.116304053991067,73.7,86.0,68.0,5.6,0.0,9,1548,False,False,False,False,True,False
2017-09-27,69897,14.3546358689691,75.0,84.0,68.0,7.2,0.0,9,1549,False,False,False,False,False,True
2017-09-28,70883,14.306545528076784,74.1,84.0,68.0,11.8,0.0,9,1550,False,False,False,True,False,False
2017-09-29,67177,14.8322694771524,63.3,77.0,57.0,9.0,0.0,9,1551,False,False,False,False,False,False
2017-09-30,50153,15.510478602144104,62.1,70.0,55.9,9.4,0.0,9,1552,False,True,False,False,False,False
2017-10-01,55505,20.97570459117797,58.8,70.0,52.0,6.8,0.0,10,1553,False,False,True,False,False,False
2017-10-02,65511,16.055658082866493,64.5,73.9,52.0,4.8,0.0,10,1554,True,False,False,False,False,False
2017-10-03,69105,15.444736270892117,64.0,73.9,55.9,5.2,0.0,10,1555,False,False,False,False,True,False
2017-10-04,71454,17.47994490628003,64.8,75.0,57.9,6.8,0.0,10,1556,False,False,False,False,False,True
2017-10-05,70174,15.332242473470709,73.0,84.0,57.9,9.5,0.0,10,1557,False,False,False,True,False,False
2017-10-06,70257,26.95417348686489,74.7,84.0,66.0,7.0,0.0,10,1558,False,False,False,False,False,False
2017-10-07,63635,26.91243524265996,72.4,82.0,66.0,6.4,0.0,10,1559,False,True,False,False,False,False
2017-10-08,41044,27.229053373615315,74.0,82.0,66.0,9.3,0.0,10,1560,False,False,True,False,False,False
2017-10-09,38391,15.025982218054578,73.9,80.1,71.1,9.0,0.39,10,1561,True,False,False,False,False,False
2017-10-10,74118,15.89209616197595,75.1,81.0,69.1,8.4,0.21,10,1562,False,False,False,False,True,False
2017-10-11,63589,15.352759911305416,70.8,81.0,68.0,7.0,0.0,10,1563,False,False,False,False,False,True
2017-10-12,61248,21.156885667014976,62.7,78.1,59.0,14.4,0.07,10,1564,False,False,False,True,False,False
2017-10-13,67020,17.56857927981696,59.1,68.0,53.1,11.2,0.03,10,1565,False,False,False,False,False,False
2017-10-14,58777,22.40201382626991,65.7,73.0,53.1,6.6,0.03,10,1566,False,True,False,False,False,False
2017-10-15,56529,16.60703119932542,69.8,75.0,62.1,6.8,0.0,10,1567,False,False,True,False,False,False
2017-10-16,61730,13.429257519304503,62.6,75.0,55.0,14.0,0.01,10,1568,True,False,False,False,False,False
2017-10-17,64480,14.584902036807277,51.8,71.1,45.0,8.7,0.0,10,1569,False,False,False,False,True,False
2017-10-18,70234,16.483878415961875,60.0,73.9,45.0,6.2,0.0,10,1570,False,False,False,False,False,True
2017-10-19,72311,15.955407890915623,64.7,73.9,52.0,7.9,0.0,10,1571,False,False,False,True,False,False
2017-10-20,72173,17.638841856834738,66.9,73.9,57.9,9.7,0.0,10,1572,False,False,False,False,False,False
2017-10-21,65874,18.13027598141907,67.7,79.0,59.0,4.6,0.0,10,1573,False,True,False,False,False,False
2017-10-22,62150,20.691869670152865,66.7,75.9,57.9,4.5,0.0,10,1574,False,False,True,False,False,False
2017-10-23,69274,16.22145971071398,66.9,75.9,57.9,7.1,0.0,10,1575,True,False,False,False,False,False
2017-10-24,48077,13.24886778847821,70.8,75.9,61.0,17.4,0.04,10,1576,False,False,False,False,True,False
2017-10-25,71287,16.319445106868475,64.8,75.9,61.0,5.5,0.09,10,1577,False,False,False,False,False,True
2017-10-26,64003,14.97438739850736,58.0,68.0,53.1,10.5,0.0,10,1578,False,False,False,True,False,False
2017-10-27,69268,18.718623799349384,55.7,63.0,51.1,8.9,0.0,10,1579,False,False,False,False,False,False
2017-10-28,61348,21.18242349655517,60.9,68.0,51.1,9.0,0.0,10,1580,False,True,False,False,False,False
2017-10-29,9537,14.52838593547936,64.0,68.0,54.0,10.3,0.1,10,1581,False,False,True,False,False,False
2017-10-30,49247,13.980375454342395,57.1,68.0,46.9,15.9,2.79,10,1582,True,False,False,False,False,False
2017-10-31,60242,13.936887055542645,53.8,62.1,46.9,13.2,0.05,10,1583,False,False,False,False,True,False
2017-11-01,60773,14.487495269280767,51.4,57.9,46.9,7.8,0.0,11,1584,False,False,False,False,False,True
2017-11-02,70810,15.926368921527088,63.0,72.0,46.9,6.7,0.0,11,1585,False,False,False,True,False,False
2017-11-03,71818,17.543681946030244,66.1,75.0,57.9,7.6,0.0,11,1586,False,False,False,False,False,False
2017-11-04,53435,21.415344187642305,53.1,75.0,48.0,10.3,0.0,11,1587,False,True,False,False,False,False
2017-11-05,34943,14.415929752263208,54.8,61.0,48.0,7.8,0.02,11,1588,False,False,True,False,False,False
2017-11-06,57606,14.303749898737395,62.6,66.0,52.0,7.8,0.08,11,1589,True,False,False,False,False,False
2017-11-07,36362,14.37574299176796,48.0,66.0,42.1,10.3,0.0,11,1590,False,False,False,False,True,False
2017-11-08,54211,14.705854592856316,43.4,51.1,39.9,9.5,0.6,11,1591,False,False,False,False,False,True
2017-11-09,58417,15.011814768531991,47.6,55.9,39.9,6.5,0.0,11,1592,False,False,False,True,False,False
2017-11-10,38432,13.714919858451292,44.4,55.9,30.9,15.2,0.0,11,1593,False,False,False,False,False,False
2017-11-11,28142,13.736916945016937,31.0,37.9,26.1,11.3,0.0,11,1594,False,True,False,False,False,False
2017-11-12,32471,14.865645755699957,39.5,46.9,26.1,4.3,0.0,11,1595,False,False,True,False,False,False
2017-11-13,38753,12.488074901728034,45.4,50.0,34.0,6.2,0.0,11,1596,True,False,False,False,False,False
2017-11-14,52279,13.64024656171694,43.0,50.0,39.0,8.3,0.05,11,1597,False,False,False,False,True,False
2017-11-15,54230,12.714872764152686,43.5,51.1,37.9,7.4,0.0,11,1598,False,False,False,False,False,True
2017-11-16,49737,13.121450161181146,52.2,59.0,37.9,10.2,0.7,11,1599,False,False,False,True,False,False
2017-11-17,48991,14.673116490784022,45.5,59.0,41.0,16.8,0.08,11,1600,False,False,False,False,False,False
2017-11-18,27745,14.609453354958848,44.0,52.0,36.0,7.2,0.0,11,1601,False,True,False,False,False,False
2017-11-19,31598,15.503607823279957,53.5,60.1,36.0,15.7,0.33,11,1602,False,False,True,False,False,False
2017-11-20,45121,12.479933216610158,43.1,60.1,37.0,13.1,0.02,11,1603,True,False,False,False,False,False
2017-11-21,52451,15.001825831093148,49.1,59.0,37.0,11.2,0.0,11,1604,False,False,False,False,True,False
2017-11-22,32298,15.141786901149713,51.7,59.0,43.0,8.7,0.0,11,1605,False,False,False,False,False,True
2017-11-23,13705,17.551150431715907,38.7,55.0,34.0,10.9,0.16,11,1606,False,False,False,True,False,False
2017-11-24,23724,18.908367054459628,43.0,51.1,34.0,5.7,0.0,11,1607,False,False,False,False,False,False
2017-11-25,30518,25.398836205954964,48.6,57.9,37.0,6.9,0.0,11,1608,False,True,False,False,False,False
2017-11-26,27181,13.695223992249485,49.3,57.9,42.1,13.0,0.0,11,1609,False,False,True,False,False,False
2017-11-27,46733,13.079298711117769,45.3,53.1,42.1,12.9,0.0,11,1610,True,False,False,False,False,False
2017-11-28,51170,13.056802488437237,44.0,53.1,37.0,8.1,0.0,11,1611,False,False,False,False,True,False
2017-11-29,55295,13.357888898936013,54.4,64.0,37.0,10.4,0.0,11,1612,False,False,False,False,False,True
2017-11-30,51700,11.952303352675692,44.2,64.0,39.9,7.3,0.0,11,1613,False,False,False,True,False,False
2017-12-01,50708,12.975768452052272,50.4,54.0,39.9,9.3,0.02,12,1614,False,False,False,False,False,False
2017-12-02,38923,14.49177093235362,44.2,53.1,39.9,5.5,0.0,12,1615,False,True,False,False,False,False
2017-12-03,33728,13.151542239879824,45.3,48.0,39.9,5.0,0.0,12,1616,False,False,True,False,False,False
2017-12-04,49630,12.860659211498426,45.5,52.0,39.9,5.0,0.0,12,1617,True,False,False,False,False,False
2017-12-05,41792,12.43363004083716,53.8,60.1,39.9,11.4,0.0,12,1618,False,False,False,False,True,False
2017-12-06,46335,12.197234272148483,50.1,60.1,41.0,11.9,0.69,12,1619,False,False,False,False,False,True
2017-12-07,45367,12.206890471047236,42.7,59.0,39.9,13.2,0.0,12,1620,False,False,False,True,False,False
2017-12-08,41330,11.662685700459717,39.1,46.0,36.0,8.7,0.0,12,1621,False,False,False,False,False,False
2017-12-09,10804,13.785826237196098,35.2,41.0,30.9,6.8,0.0,12,1622,False,True,False,False,False,False
2017-12-10,19815,13.854088653377072,35.0,39.9,30.9,10.9,0.34,12,1623,False,False,True,False,False,False
2017-12-11,41838,12.989079704256104,38.0,43.0,32.0,9.4,0.0,12,1624,True,False,False,False,False,False
2017-12-12,42620,12.225013295792278,44.5,51.8,39.0,9.6,0.0,12,1625,False,False,False,False,True,False
2017-12-13,32623,11.803366234456265,29.2,51.1,21.9,21.0,0.0,12,1626,False,False,False,False,False,True
2017-12-14,27495,13.3030090319452,28.3,33.1,21.9,11.2,0.05,12,1627,False,False,False,True,False,False
2017-12-15,22944,11.740416521385397,25.5,33.1,23.0,6.5,0.02,12,1628,False,False,False,False,False,False
2017-12-16,19060,12.25675848198671,30.9,39.9,23.0,12.9,0.13,12,1629,False,True,False,False,False,False
2017-12-17,22403,11.635068220030057,35.7,39.9,25.0,5.9,0.0,12,1630,False,False,True,False,False,False
2017-12-18,40168,12.761259792206074,38.4,46.9,33.1,5.7,0.02,12,1631,True,False,False,False,False,False
2017-12-19,49503,11.826513207953722,50.2,55.9,34.0,10.9,0.0,12,1632,False,False,False,False,True,False
2017-12-20,41463,14.186231097605091,47.7,55.9,39.9,14.3,0.0,12,1633,False,False,False,False,False,True
2017-12-21,37592,11.657265286940484,37.2,53.1,34.0,9.2,0.0,12,1634,False,False,False,True,False,False
2017-12-22,34341,14.511359113984254,40.1,51.1,34.0,6.3,0.0,12,1635,False,False,False,False,False,False
2017-12-23,9608,17.304975020815984,41.2,53.1,36.0,7.4,0.05,12,1636,False,True,False,False,False,False
2017-12-24,13216,13.15060532687651,40.3,53.1,37.0,10.1,0.49,12,1637,False,False,True,False,False,False
2017-12-25,6479,16.748487420898286,36.3,41.0,32.0,15.8,0.23,12,1638,True,False,False,False,False,False
2017-12-26,14113,11.752530763598571,27.0,39.0,24.1,16.4,0.22,12,1639,False,False,False,False,True,False
2017-12-27,16365,13.723589978612893,22.8,28.9,19.0,10.5,0.0,12,1640,False,False,False,False,False,True
2017-12-28,13420,11.01492424242424,17.3,25.0,14.0,15.2,0.0,12,1641,False,False,False,True,False,False
2017-12-29,13759,10.915011992150593,15.5,21.9,12.0,12.0,0.0,12,1642,False,False,False,False,False,False
2017-12-30,5956,12.3900436534587,20.0,23.0,18.0,7.8,0.0,12,1643,False,True,False,False,False,False
2017-12-31,6569,13.172436190186229,22.0,23.0,19.9,13.6,0.48,12,1644,False,False,True,False,False,False
2018-01-01,5500,20.7718,12.6,21.9,8.1,15.1,0.0,1,1645,True,False,False,False,False,False
2018-01-02,18818,11.343925142593967,18.4,26.1,8.1,12.3,0.0,1,1646,False,False,False,False,True,False
2018-01-03,24299,11.21089756780114,22.6,30.0,14.0,7.5,0.0,1,1647,False,False,False,False,False,True
2018-01-04,1922,17.328407908428723,26.1,30.0,17.1,17.0,0.02,1,1648,False,False,False,True,False,False
2018-01-05,4972,16.16085746849021,16.7,28.9,10.0,22.4,0.0,1,1649,False,False,False,False,False,False
2018-01-06,4295,29.805723709740004,11.8,19.9,8.1,19.8,0.0,1,1650,False,True,False,False,False,False
2018-01-07,5640,12.762567966903074,10.8,18.0,6.1,11.7,0.0,1,1651,False,False,True,False,False,False
2018-01-08,15821,17.41717864441775,22.2,30.9,6.1,9.4,0.0,1,1652,True,False,False,False,False,False
2018-01-09,25091,13.094970308078592,35.5,43.0,18.0,11.2,0.0,1,1653,False,False,False,False,True,False
2018-01-10,28252,11.86949655481618,34.2,43.0,26.1,6.1,0.0,1,1654,False,False,False,False,False,True
2018-01-11,33961,12.063514030800036,40.1,46.9,26.1,4.8,0.0,1,1655,False,False,False,True,False,False
2018-01-12,22254,13.36127063299482,47.9,60.1,35.1,9.4,0.01,1,1656,False,False,False,False,False,False
2018-01-13,17760,11.608766891891891,41.7,60.1,25.0,14.4,0.79,1,1657,False,True,False,False,False,False
2018-01-14,12399,23.557887732881674,20.0,25.0,16.0,13.8,0.11,1,1658,False,False,True,False,False,False
2018-01-15,17637,11.038549639961447,21.6,30.0,15.1,12.2,0.0,1,1659,True,False,False,False,False,False
2018-01-16,30278,11.388798247352312,27.9,33.1,16.0,6.9,0.0,1,1660,False,False,False,False,True,False
2018-01-17,19010,10.392363668244784,33.8,36.0,24.1,7.9,0.05,1,1661,False,False,False,False,False,True
2018-01-18,27662,11.015991251536407,26.0,36.0,19.9,12.4,0.12,1,1662,False,False,False,True,False,False
2018-01-19,30525,11.873586677586678,31.2,39.0,19.9,9.6,0.0,1,1663,False,False,False,False,False,False
2018-01-20,28507,14.608504928614028,43.4,54.0,26.1,11.0,0.0,1,1664,False,True,False,False,False,False
2018-01-21,27908,14.161231546509962,46.1,54.0,37.0,5.3,0.0,1,1665,False,False,True,False,False,False
2018-01-22,36865,20.77364709073647,42.1,52.0,37.9,7.1,0.0,1,1666,True,False,False,False,False,False
2018-01-23,28797,13.39751131483604,44.8,59.0,35.6,9.1,0.03,1,1667,False,False,False,False,True,False
2018-01-24,36078,11.514989744442603,42.9,60.1,34.0,14.2,0.28,1,1668,False,False,False,False,False,True
2018-01-25,31147,11.391361928917709,29.5,45.0,24.1,14.6,0.0,1,1669,False,False,False,True,False,False
2018-01-26,33073,11.978674447434464,32.0,39.0,24.1,6.6,0.0,1,1670,False,False,False,False,False,False
2018-01-27,34351,22.878358708625655,42.1,57.0,28.0,7.8,0.0,1,1671,False,True,False,False,False,False
2018-01-28,20101,21.784186524716848,50.3,57.0,35.1,6.4,0.19,1,1672,False,False,True,False,False,False
2018-01-29,36799,11.981148944264792,42.8,54.0,39.0,8.8,0.08,1,1673,True,False,False,False,False,False
2018-01-30,27996,10.918298447397245,34.2,44.1,30.0,11.2,0.06,1,1674,False,False,False,False,True,False
2018-01-31,31276,11.032208402609028,26.2,37.0,19.0,13.0,0.0,1,1675,False,False,False,False,False,True
2018-02-01,35561,11.316653543676123,36.9,45.0,19.0,8.1,0.0,2,1676,False,False,False,True,False,False
2018-02-02,26313,10.905258490733353,33.4,45.0,21.9,13.7,0.23,2,1677,False,False,False,False,False,False
2018-02-03,18385,12.369982775813614,22.4,39.0,17.1,13.5,0.18,2,1678,False,True,False,False,False,False
2018-02-04,13959,11.171521360173845,34.8,45.0,17.1,8.2,0.0,2,1679,False,False,True,False,False,False
2018-02-05,29068,12.037206435484611,37.4,46.9,30.0,12.6,1.01,2,1680,True,False,False,False,False,False
2018-02-06,34102,11.455167829843798,31.6,41.0,28.0,6.1,0.0,2,1681,False,False,False,False,True,False
2018-02-07,15289,10.588302047223491,32.8,46.9,28.0,8.3,0.0,2,1682,False,False,False,False,False,True
2018-02-08,31564,17.38828834537235,32.8,46.9,26.1,12.9,0.85,2,1683,False,False,False,True,False,False
2018-02-09,31567,11.610650362720564,30.8,36.0,26.1,8.2,0.0,2,1684,False,False,False,False,False,False
2018-02-10,16324,15.006767132238828,42.0,51.1,28.0,5.5,0.0,2,1685,False,True,False,False,False,False
2018-02-11,8809,11.403112347220649,45.6,60.1,37.9,4.7,0.82,2,1686,False,False,True,False,False,False
2018-02-12,35139,18.19409156018479,48.1,63.0,41.0,11.4,0.99,2,1687,True,False,False,False,False,False
2018-02-13,35189,11.132938797161993,33.0,41.0,27.0,9.9,0.0,2,1688,False,False,False,False,True,False
2018-02-14,39591,13.46101891844106,40.5,54.0,27.0,6.8,0.01,2,1689,False,False,False,False,False,True
2018-02-15,44193,12.132828351398038,51.0,61.0,36.0,6.8,0.13,2,1690,False,False,False,True,False,False
2018-02-16,29191,11.96970812921791,56.1,61.0,44.1,9.1,0.16,2,1691,False,False,False,False,False,False
2018-02-17,17921,15.176228075070211,36.0,59.0,30.0,11.3,0.05,2,1692,False,True,False,False,False,False
2018-02-18,21538,17.153192806512518,37.6,45.0,30.0,8.8,0.62,2,1693,False,False,True,False,False,False
2018-02-19,25677,12.832399293790813,41.5,48.9,33.1,5.6,0.02,2,1694,True,False,False,False,False,False
2018-02-20,44480,17.40954024280576,53.9,70.0,33.1,6.9,0.03,2,1695,False,False,False,False,True,False
2018-02-21,53115,30.36244783331764,61.8,79.0,46.9,7.7,0.0,2,1696,False,False,False,False,False,True
2018-02-22,27010,11.093625200543007,50.6,79.0,37.9,10.1,0.02,2,1697,False,False,False,True,False,False
2018-02-23,25634,12.696981222855063,37.8,41.0,37.0,9.1,0.11,2,1698,False,False,False,False,False,False
2018-02-24,25550,14.260973255055449,46.7,54.0,36.0,7.4,0.07,2,1699,False,True,False,False,False,False
2018-02-25,16150,19.660624355005176,42.3,54.0,39.9,9.6,0.62,2,1700,False,False,True,False,False,False
2018-02-26,42570,12.37954936966565,46.1,52.0,39.9,6.4,0.22,2,1701,True,False,False,False,False,False
2018-02-27,48516,14.21165045208454,47.3,57.0,39.9,7.5,0.0,2,1702,False,False,False,False,True,False
2018-02-28,50709,15.028157723481034,49.5,62.1,39.9,9.2,0.0,2,1703,False,False,False,False,False,True
2018-03-01,45564,13.90028897082492,54.5,62.1,42.1,6.0,0.0,3,1704,False,False,False,True,False,False
2018-03-02,6855,13.452285436421104,41.9,57.9,35.6,19.1,1.47,3,1705,False,False,False,False,False,False
2018-03-03,28364,16.372609646030178,40.6,46.9,36.0,20.1,0.71,3,1706,False,True,False,False,False,False
2018-03-04,25262,13.329999604148524,41.9,46.9,37.9,16.6,0.0,3,1707,False,False,True,False,False,False
2018-03-05,36774,11.714059752361267,37.5,44.1,35.1,15.7,0.0,3,1708,True,False,False,False,False,False
2018-03-06,42689,13.188295189236888,39.5,46.9,34.0,8.2,0.0,3,1709,False,False,False,False,True,False
2018-03-07,8188,10.351335287412471,36.6,41.0,33.8,14.7,0.1,3,1710,False,False,False,False,False,True
2018-03-08,28440,11.289906235349273,37.4,42.1,34.0,12.7,0.8,3,1711,False,False,False,True,False,False
2018-03-09,34912,12.983422128017104,36.8,44.1,30.9,14.0,0.0,3,1712,False,False,False,False,False,False
2018-03-10,25444,14.896088141277575,37.4,44.1,30.9,14.0,0.0,3,1713,False,True,False,False,False,False
2018-03-11,27597,24.68953388653356,38.9,46.0,33.1,10.3,0.0,3,1714,False,False,True,False,False,False
2018-03-12,36340,13.356089708310405,38.2,46.0,33.1,10.5,0.0,3,1715,True,False,False,False,False,False
2018-03-13,23137,11.048184005417008,37.3,43.0,33.1,14.1,0.21,3,1716,False,False,False,False,True,False
2018-03-14,35377,11.430208421667562,36.7,42.1,32.0,16.3,0.05,3,1717,False,False,False,False,False,True
2018-03-15,39574,21.854904314280425,38.6,48.0,32.0,15.0,0.0,3,1718,False,False,False,True,False,False
2018-03-16,34921,12.061142292603307,37.6,48.0,34.0,16.7,0.0,3,1719,False,False,False,False,False,False
2018-03-17,27672,17.893754818348274,36.4,48.0,28.9,14.8,0.0,3,1720,False,True,False,False,False,False
2018-03-18,25158,14.37547499801256,37.4,48.0,28.9,11.6,0.0,3,1721,False,False,True,False,False,False
2018-03-19,39278,12.724122070030718,39.8,46.9,30.0,7.0,0.0,3,1722,True,False,False,False,False,False
2018-03-20,35532,11.4920395699651,35.9,46.9,30.9,9.8,0.0,3,1723,False,False,False,False,True,False
2018-03-21,3755,12.193004882379048,35.7,39.9,30.9,15.1,0.0,3,1724,False,False,False,False,False,True
2018-03-22,27308,11.820652067770128,39.6,51.1,32.0,13.8,0.64,3,1725,False,False,False,True,False,False
2018-03-23,38528,13.433641767026584,42.7,51.1,33.1,11.0,0.01,3,1726,False,False,False,False,False,False
2018-03-24,34398,20.7304862685815,43.3,51.1,37.0,10.2,0.0,3,1727,False,True,False,False,False,False
2018-03-25,25562,12.974195420285318,40.4,51.1,35.1,11.0,0.0,3,1728,False,False,True,False,False,False
2018-03-26,40295,12.767646523555442,40.4,50.0,34.0,9.1,0.0,3,1729,True,False,False,False,False,False
2018-03-27,41354,12.178721526333607,39.4,50.0,34.0,5.8,0.0,3,1730,False,False,False,False,True,False
2018-03-28,42520,12.539774223894636,43.7,52.0,35.1,5.5,0.04,3,1731,False,False,False,False,False,True
2018-03-29,39293,16.089561754001984,49.6,53.1,39.0,5.2,0.03,3,1732,False,False,False,True,False,False
2018-03-30,34787,13.862753806498596,50.1,60.1,43.0,6.3,0.02,3,1733,False,False,False,False,False,False
2018-03-31,41794,26.8943500661977,47.1,60.1,39.9,10.7,0.04,3,1734,False,True,False,False,False,False
2018-04-01,33149,21.49686214767665,50.4,59.0,39.9,11.0,0.0,4,1735,False,False,True,False,False,False
2018-04-02,22063,16.39775491395851,39.8,59.0,32.0,8.1,0.4,4,1736,True,False,False,False,False,False
2018-04-03,25881,10.72190281158636,40.8,44.1,32.0,7.0,0.15,4,1737,False,False,False,False,True,False
2018-04-04,36753,12.154555637181549,45.9,57.0,39.0,9.3,0.28,4,1738,False,False,False,False,False,True
2018-04-05,39814,13.378084760804402,41.6,57.0,35.1,18.2,0.11,4,1739,False,False,False,True,False,False
2018-04-06,35624,13.139786847817954,44.8,62.1,35.1,10.7,0.0,4,1740,False,False,False,False,False,False
2018-04-07,33245,14.377386574422218,45.7,62.1,37.0,10.5,0.09,4,1741,False,True,False,False,False,False
2018-04-08,28410,14.941405021705972,38.9,48.9,33.1,12.2,0.0,4,1742,False,False,True,False,False,False
2018-04-09,40509,11.925599249549483,38.7,48.9,33.1,10.6,0.0,4,1743,True,False,False,False,False,False
2018-04-10,43051,11.534113803008834,43.2,50.0,33.1,7.9,0.0,4,1744,False,False,False,False,True,False
2018-04-11,48612,12.483800981924906,44.4,52.0,37.9,6.9,0.0,4,1745,False,False,False,False,False,True
2018-04-12,53168,13.598826988664866,50.6,60.1,37.9,8.1,0.0,4,1746,False,False,False,True,False,False
2018-04-13,63510,24.07960793575814,65.4,82.0,46.0,11.1,0.0,4,1747,False,False,False,False,False,False
2018-04-14,62597,22.9086481780277,61.6,82.0,51.1,9.4,0.0,4,1748,False,True,False,False,False,False
2018-04-15,20440,12.307435583822569,44.4,69.1,39.0,18.4,0.0,4,1749,False,False,True,False,False,False
2018-04-16,26289,13.66021212928094,46.6,61.0,39.0,18.1,1.24,4,1750,True,False,False,False,False,False
2018-04-17,44689,11.75787143741562,46.2,61.0,39.9,13.8,1.62,4,1751,False,False,False,False,True,False
2018-04-18,51110,13.195589251940264,44.7,55.0,39.0,11.6,0.0,4,1752,False,False,False,False,False,True
2018-04-19,38298,11.33556190923808,46.2,55.0,39.0,9.9,0.07,4,1753,False,False,False,True,False,False
2018-04-20,47052,16.00011937147553,43.2,50.0,37.9,16.3,0.08,4,1754,False,False,False,False,False,False
2018-04-21,63599,23.50345314653795,48.8,62.1,37.9,10.4,0.0,4,1755,False,True,False,False,False,False
2018-04-22,54284,21.240274298135727,55.2,64.9,41.0,8.1,0.0,4,1756,False,False,True,False,False,False
2018-04-23,57767,16.767890548813913,53.5,64.9,45.0,7.8,0.0,4,1757,True,False,False,False,False,False
2018-04-24,58527,14.893794601921622,54.8,66.0,45.0,7.9,0.0,4,1758,False,False,False,False,True,False
2018-04-25,31214,17.28646280515153,56.1,66.0,46.0,10.4,0.42,4,1759,False,False,False,False,False,True
2018-04-26,66077,16.637593262405982,59.6,70.0,50.0,9.9,0.29,4,1760,False,False,False,True,False,False
2018-04-27,39154,12.32881527642982,54.5,70.0,48.9,8.1,0.17,4,1761,False,False,False,False,False,False
2018-04-28,56745,21.09956912503305,56.7,66.0,48.9,6.2,0.05,4,1762,False,True,False,False,False,False
2018-04-29,44837,18.70150656823605,54.2,66.0,50.0,10.6,0.22,4,1763,False,False,True,False,False,False
2018-04-30,41075,13.16226739703794,49.0,57.9,44.1,15.8,0.15,4,1764,True,False,False,False,False,False
2018-05-01,72035,17.445850859535874,60.3,82.0,44.1,7.8,0.0,5,1765,False,False,False,False,True,False
2018-05-02,76773,16.612234987126552,76.9,89.1,66.0,10.3,0.0,5,1766,False,False,False,False,False,True
2018-05-03,69056,20.436858974358973,82.3,93.0,64.9,10.8,0.0,5,1767,False,False,False,True,False,False
2018-05-04,71199,17.761826476963634,75.8,93.0,68.0,5.5,0.01,5,1768,False,False,False,False,False,False
2018-05-05,63329,24.555012974571945,70.3,84.0,61.0,11.2,0.0,5,1769,False,True,False,False,False,False
2018-05-06,48993,17.533699031834477,62.6,75.9,57.0,7.6,0.0,5,1770,False,False,True,False,False,False
2018-05-07,68917,17.650352839889532,62.1,75.0,54.0,5.6,0.0,5,1771,True,False,False,False,False,False
2018-05-08,74313,18.978155908118367,61.8,75.0,54.0,5.9,0.0,5,1772,False,False,False,False,True,False
2018-05-09,78458,18.083681502629865,63.5,73.9,54.0,4.8,0.0,5,1773,False,False,False,False,False,True
2018-05-10,67455,16.107224816544363,59.4,73.9,54.0,6.5,0.0,5,1774,False,False,False,True,False,False
2018-05-11,75266,18.95946753292766,65.1,73.0,55.9,8.3,0.19,5,1775,False,False,False,False,False,False
2018-05-12,34535,16.282174122870522,59.2,73.0,54.0,7.3,0.06,5,1776,False,True,False,False,False,False
2018-05-13,25986,17.894076297493523,53.6,64.0,52.0,7.3,0.14,5,1777,False,False,True,False,False,False
2018-05-14,64729,15.904303326175286,58.4,71.1,52.0,5.0,0.1,5,1778,True,False,False,False,False,False
2018-05-15,52826,16.032164085866803,69.1,91.9,52.0,9.4,0.02,5,1779,False,False,False,False,True,False
2018-05-16,32766,12.527345927689272,62.9,70.0,55.9,6.7,0.44,5,1780,False,False,False,False,False,True
2018-05-17,49789,15.305948770478086,60.2,73.4,55.0,6.0,0.64,5,1781,False,False,False,True,False,False
2018-05-18,63113,17.442503657460957,64.9,73.0,55.0,8.9,0.02,5,1782,False,False,False,False,False,False
2018-05-19,18026,15.37086893006398,54.4,66.9,50.0,10.7,0.2,5,1783,False,True,False,False,False,False
2018-05-20,56949,23.55147090671772,66.7,84.0,50.0,7.1,0.44,5,1784,False,False,True,False,False,False
2018-05-21,71220,22.679741645605173,68.9,84.0,55.0,7.6,0.0,5,1785,True,False,False,False,False,False
2018-05-22,48508,13.950543896539406,64.6,79.0,55.9,5.0,0.0,5,1786,False,False,False,False,True,False
2018-05-23,72655,19.20066960291791,66.2,82.0,55.9,5.1,0.42,5,1787,False,False,False,False,False,True
2018-05-24,74810,19.32832419908211,74.5,86.0,57.0,7.6,0.21,5,1788,False,False,False,True,False,False
2018-05-25,69345,20.33638137813348,77.9,89.1,66.0,9.6,0.0,5,1789,False,False,False,False,False,False
2018-05-26,51597,32.98850740676137,82.3,91.9,68.0,9.3,0.0,5,1790,False,True,False,False,False,False
2018-05-27,25814,23.9957884610418,68.8,91.9,59.0,11.2,0.12,5,1791,False,False,True,False,False,False
2018-05-28,49043,22.907766313915,60.2,82.0,55.9,8.3,0.41,5,1792,True,False,False,False,False,False
2018-05-29,69090,17.06585251121725,72.8,87.1,55.9,6.0,0.0,5,1793,False,False,False,False,True,False
2018-05-30,72321,16.61602323898545,69.0,87.1,63.0,7.8,0.0,5,1794,False,False,False,False,False,True
2018-05-31,55794,13.872895532375043,64.0,77.0,60.1,7.1,0.0,5,1795,False,False,False,True,False,False
